"","w","age"
"1",3400,47
"2",4500,59
"3",1900,40
"4",4800,46
"5",2550,59
"6",1630,43
"7",2200,29
"8",3000,30
"9",2500,33
"10",2800,61
"11",2000,38
"12",2000,53
"13",1680,32
"14",2500,47
"15",1808,60
"16",3200,39
"17",5000,33
"18",2200,53
"19",2200,64
"20",2390,47
"21",3400,47
"22",2100,33
"23",2000,50
"24",2100,53
"25",2600,33
"26",2900,45
"27",3000,62
"28",6000,52
"29",3050,31
"30",2300,24
"31",4500,36
"32",8900,36
"33",3100,34
"34",2100,43
"35",2000,46
"36",1700,59
"37",2000,63
"38",2800,58
"39",4500,35
"40",3500,63
"41",2900,30
"42",3400,56
"43",2700,57
"44",3000,38
"45",3500,50
"46",2800,59
"47",5200,31
"48",3000,57
"49",6000,35
"50",4000,37
"51",4200,59
"52",2000,51
"53",1700,56
"54",2100,42
"55",1920,58
"56",1950,70
"57",4500,59
"58",3400,50
"59",2200,44
"60",2000,44
"61",2400,60
"62",5500,32
"63",2500,59
"64",2200,27
"65",5000,41
"66",2000,60
"67",2300,36
"68",3500,58
"69",6500,41
"70",2500,40
"71",2400,44
"72",3000,63
"73",2000,27
"74",3300,40
"75",3500,69
"76",2400,34
"77",3000,23
"78",1900,43
"79",2000,22
"80",3000,65
"81",3600,64
"82",7000,36
"83",1630,59
"84",5000,30
"85",3700,45
"86",3500,38
"87",5200,49
"88",3200,58
"89",3000,29
"90",6000,38
"91",6500,55
"92",5000,46
"93",3500,33
"94",2700,54
"95",1800,48
"96",3000,51
"97",4500,59
"98",2000,50
"99",2200,49
"100",2700,34
"101",2800,43
"102",3500,36
"103",1400,34
"104",8000,30
"105",2500,29
"106",8500,50
"107",2500,25
"108",2600,35
"109",300,70
"110",3400,57
"111",2100,56
"112",2800,42
"113",2000,43
"114",2000,30
"115",3200,50
"116",3000,23
"117",3000,60
"118",1920,45
"119",2600,59
"120",3000,54
"121",3000,63
"122",5000,38
"123",3000,37
"124",1000,29
"125",3200,43
"126",2500,34
"127",3700,39
"128",2000,36
"129",1900,23
"130",15000,45
"131",3700,51
"132",3200,31
"133",2600,34
"134",3000,52
"135",2700,44
"136",1800,56
"137",4400,49
"138",2850,44
"139",3000,60
"140",1900,58
"141",2000,33
"142",3200,51
"143",1400,24
"144",5000,46
"145",2085,38
"146",2500,28
"147",2600,52
"148",3900,40
"149",2500,46
"150",1700,64
"151",3100,66
"152",3400,31
"153",7000,54
"154",4000,30
"155",3000,44
"156",3500,38
"157",2700,42
"158",5900,63
"159",1866,30
"160",2600,24
"161",3600,64
"162",3000,62
"163",5000,34
"164",3000,30
"165",2000,53
"166",2800,55
"167",3400,61
"168",1900,59
"169",3300,48
"170",1800,56
"171",1600,43
"172",4200,59
"173",4200,56
"174",1400,57
"175",3500,42
"176",990,52
"177",2500,22
"178",2550,54
"179",1920,21
"180",3000,47
"181",808,72
"182",1877,52
"183",1920,52
"184",1920,51
"185",3200,59
"186",3200,32
"187",2100,26
"188",3000,32
"189",2500,63
"190",2000,30
"191",1500,31
"192",4900,40
"193",2680,61
"194",5500,71
"195",6000,39
"196",1900,36
"197",3500,67
"198",4700,42
"199",2700,47
"200",2500,50
"201",3200,23
"202",1700,31
"203",2300,41
"204",3500,36
"205",3500,62
"206",4000,47
"207",3000,64
"208",3800,52
"209",2600,56
"210",2100,35
"211",1800,41
"212",2100,29
"213",4500,36
"214",2000,40
"215",4500,38
"216",2900,33
"217",1900,48
"218",1600,35
"219",1900,24
"220",4000,40
"221",3850,59
"222",5500,49
"223",2650,31
"224",2000,47
"225",1580,58
"226",4600,28
"227",1950,55
"228",2200,37
"229",3000,37
"230",1900,33
"231",2100,50
"232",4000,41
"233",3000,40
"234",2300,65
"235",2300,37
"236",2300,59
"237",3000,35
"238",2400,60
"239",2200,28
"240",1950,40
"241",1850,40
"242",3100,33
"243",2800,32
"244",3000,26
"245",3000,30
"246",3000,58
"247",3500,58
"248",3700,60
"249",2000,64
"250",2800,52
"251",3200,40
"252",2300,45
"253",2000,41
"254",3900,51
"255",2600,50
"256",3000,56
"257",1900,36
"258",2400,45
"259",1500,47
"260",4500,52
"261",3000,35
"262",2000,23
"263",2200,31
"264",1800,43
"265",3000,55
"266",2300,26
"267",3000,32
"268",2000,38
"269",2200,24
"270",2400,62
"271",3000,58
"272",3600,32
"273",2854,59
"274",1800,62
"275",3000,60
"276",2100,49
"277",2500,60
"278",2600,43
"279",3000,53
"280",2500,70
"281",4400,41
"282",5500,48
"283",4000,42
"284",4000,37
"285",4900,49
"286",2100,27
"287",1666,65
"288",5500,71
"289",6000,39
"290",4000,42
"291",2300,48
"292",1900,61
"293",3600,56
"294",2500,54
"295",3800,35
"296",2200,38
"297",3000,50
"298",2100,57
"299",3100,52
"300",2000,35
"301",1800,33
"302",2400,45
"303",4000,48
"304",2000,59
"305",3000,48
"306",3000,39
"307",1800,22
"308",3300,62
"309",1800,43
"310",4600,32
"311",2700,59
"312",5000,47
"313",1300,54
"314",2000,58
"315",2500,33
"316",2000,39
"317",4500,50
"318",4000,38
"319",3000,43
"320",2500,46
"321",2100,21
"322",6500,36
"323",2800,35
"324",2400,43
"325",4300,34
"326",3500,54
"327",3500,57
"328",2000,39
"329",3200,43
"330",2000,30
"331",6000,34
"332",10000,46
"333",4200,65
"334",2200,44
"335",2800,33
"336",3000,31
"337",4000,58
"338",2800,59
"339",4500,42
"340",2100,36
"341",2000,57
"342",1800,21
"343",3550,58
"344",3000,64
"345",2150,71
"346",5000,39
"347",5500,50
"348",2200,26
"349",700,63
"350",3000,27
"351",2100,47
"352",1700,59
"353",5000,56
"354",4200,46
"355",4000,60
"356",3900,34
"357",3500,38
"358",2700,57
"359",5500,29
"360",3450,28
"361",4900,58
"362",3200,56
"363",860,33
"364",2500,30
"365",3000,60
"366",900,60
"367",1033,50
"368",1920,41
"369",3000,52
"370",1900,40
"371",7000,47
"372",1878,54
"373",2600,38
"374",4500,30
"375",2300,41
"376",3000,60
"377",3000,42
"378",4500,38
"379",3400,43
"380",1930,63
"381",3000,50
"382",1850,43
"383",1900,47
"384",2700,43
"385",2000,46
"386",2500,22
"387",4000,46
"388",3000,30
"389",3000,61
"390",4000,24
"391",2800,38
"392",3100,52
"393",1900,23
"394",2000,43
"395",1833,63
"396",2500,27
"397",2000,26
"398",800,33
"399",2728,24
"400",4500,38
"401",2800,64
"402",3500,41
"403",6000,54
"404",3000,52
"405",1200,66
"406",2200,29
"407",7000,46
"408",4000,41
"409",2000,39
"410",1850,42
"411",2100,40
"412",1800,59
"413",3500,51
"414",1840,56
"415",4200,39
"416",3550,45
"417",1960,26
"418",3100,48
"419",2500,42
"420",2700,44
"421",4300,46
"422",2700,53
"423",3700,51
"424",4800,41
"425",1800,67
"426",2500,43
"427",6500,55
"428",800,42
"429",2540,27
"430",2000,46
"431",2500,35
"432",3500,25
"433",3300,38
"434",2500,42
"435",5000,44
"436",2600,57
"437",5000,49
"438",3000,20
"439",2100,56
"440",2700,52
"441",1750,49
"442",3500,50
"443",3500,55
"444",2000,42
"445",2300,62
"446",2250,53
"447",2400,58
"448",4200,49
"449",3500,58
"450",4500,44
"451",4000,47
"452",4000,35
"453",2200,50
"454",5600,46
"455",1800,34
"456",2500,40
"457",5000,36
"458",2400,30
"459",2600,41
"460",1900,71
"461",2000,28
"462",2100,43
"463",4750,53
"464",3000,43
"465",6000,50
"466",2000,59
"467",4900,31
"468",1200,41
"469",2500,52
"470",1930,32
"471",3100,37
"472",2400,31
"473",3700,42
"474",3500,28
"475",1700,40
"476",2500,44
"477",2100,62
"478",2900,46
"479",2400,38
"480",4400,27
"481",2700,56
"482",8500,44
"483",2100,27
"484",1800,44
"485",4000,53
"486",3000,55
"487",4500,57
"488",2500,63
"489",2200,55
"490",1950,51
"491",3500,55
"492",3600,43
"493",2300,40
"494",1650,55
"495",6000,50
"496",2000,65
"497",2200,34
"498",3000,39
"499",2200,38
"500",2040,60
"501",3300,55
"502",5000,59
"503",2000,42
"504",3700,29
"505",5000,56
"506",6500,32
"507",3500,25
"508",3200,27
"509",7000,50
"510",2500,57
"511",4300,53
"512",2700,54
"513",2000,37
"514",3300,41
"515",2500,43
"516",2044,57
"517",5200,50
"518",2050,53
"519",2600,62
"520",2550,28
"521",1920,46
"522",3100,39
"523",1920,55
"524",2200,29
"525",2700,52
"526",2200,51
"527",900,56
"528",3000,53
"529",1900,56
"530",2500,28
"531",1600,46
"532",3700,57
"533",1900,52
"534",2700,24
"535",2500,43
"536",2300,39
"537",1800,57
"538",3300,58
"539",3000,45
"540",2000,46
"541",1920,21
"542",1800,39
"543",700,65
"544",1900,63
"545",4000,61
"546",4500,48
"547",2150,61
"548",3000,59
"549",3500,43
"550",2000,40
"551",2500,24
"552",3100,54
"553",6000,35
"554",1740,56
"555",2400,45
"556",2000,60
"557",4500,63
"558",2800,46
"559",3100,32
"560",2700,29
"561",3000,52
"562",2600,33
"563",1300,37
"564",2500,57
"565",1860,49
"566",2600,36
"567",2800,43
"568",2200,62
"569",2800,29
"570",2200,41
"571",2000,60
"572",2550,38
"573",150,19
"574",980,50
"575",2000,50
"576",4500,41
"577",2800,54
"578",4500,45
"579",2250,44
"580",1890,60
"581",1880,58
"582",1500,62
"583",2200,41
"584",1890,35
"585",5500,42
"586",2000,54
"587",3000,38
"588",1900,44
"589",5500,40
"590",2350,54
"591",2500,37
"592",2105,57
"593",3360,38
"594",1500,64
"595",3000,45
"596",5800,48
"597",2200,49
"598",7500,34
"599",2800,40
"600",2000,36
"601",4000,26
"602",4500,53
"603",3000,58
"604",2300,41
"605",2300,29
"606",3500,49
"607",4000,52
"608",2400,37
"609",4200,37
"610",2300,39
"611",1900,41
"612",7500,45
"613",2500,42
"614",1800,67
"615",2200,60
"616",2000,26
"617",2500,48
"618",2300,58
"619",2800,21
"620",2100,47
"621",3000,63
"622",2300,32
"623",3500,33
"624",2100,49
"625",2200,52
"626",1950,64
"627",10000,38
"628",3000,44
"629",4400,52
"630",1500,24
"631",1800,35
"632",2900,50
"633",2800,47
"634",2500,45
"635",4700,46
"636",2800,40
"637",1900,41
"638",2910,39
"639",1600,45
"640",2400,29
"641",2300,56
"642",4250,42
"643",2200,55
"644",3000,59
"645",2500,54
"646",1750,52
"647",4600,42
"648",4000,52
"649",2200,50
"650",1700,59
"651",2700,52
"652",2200,26
"653",2000,26
"654",1630,36
"655",2500,54
"656",2100,49
"657",1920,51
"658",3500,49
"659",1630,44
"660",5000,44
"661",6000,50
"662",2250,42
"663",2100,25
"664",2000,63
"665",3800,26
"666",2000,31
"667",3500,48
"668",2000,46
"669",3500,38
"670",3200,52
"671",6000,62
"672",2000,38
"673",2000,70
"674",4500,35
"675",2300,41
"676",5100,53
"677",3200,51
"678",4500,59
"679",3200,39
"680",2200,62
"681",9000,31
"682",3000,52
"683",4000,39
"684",3000,29
"685",2350,24
"686",2500,39
"687",1950,20
"688",3500,60
"689",3200,35
"690",2000,53
"691",3000,38
"692",3700,41
"693",7500,39
"694",2950,31
"695",2800,38
"696",2300,54
"697",2100,56
"698",5000,34
"699",2000,35
"700",2100,54
"701",2200,46
"702",3500,52
"703",2300,33
"704",3000,33
"705",1500,22
"706",3250,58
"707",1800,47
"708",2980,25
"709",2950,42
"710",2700,57
"711",2500,33
"712",2000,43
"713",2450,33
"714",2000,35
"715",1200,36
"716",3000,34
"717",2000,55
"718",2020,46
"719",3200,31
"720",3000,36
"721",5000,31
"722",4000,31
"723",1920,47
"724",3000,42
"725",1800,38
"726",2500,55
"727",4300,45
"728",3700,42
"729",3100,59
"730",800,59
"731",1500,53
"732",4500,36
"733",2000,29
"734",3000,27
"735",3000,48
"736",3900,43
"737",4000,27
"738",3000,39
"739",3400,37
"740",2200,50
"741",2000,24
"742",2100,39
"743",2400,23
"744",2000,55
"745",5500,32
"746",2000,24
"747",2300,33
"748",4500,50
"749",3000,45
"750",1100,37
"751",1950,50
"752",2600,46
"753",2700,63
"754",6500,27
"755",2200,21
"756",2500,39
"757",12000,38
"758",1900,40
"759",3000,34
"760",1700,37
"761",1900,46
"762",2000,56
"763",450,62
"764",1930,62
"765",2900,38
"766",4100,41
"767",2300,39
"768",1800,47
"769",3000,26
"770",1634,37
"771",1125,30
"772",3600,53
"773",2200,49
"774",1950,49
"775",4600,33
"776",3200,38
"777",6000,34
"778",2100,31
"779",2500,46
"780",1950,47
"781",3700,42
"782",1900,39
"783",1500,53
"784",2800,36
"785",1900,53
"786",1900,50
"787",1878,50
"788",1878,52
"789",3100,57
"790",2000,50
"791",4000,37
"792",3200,34
"793",2200,47
"794",2500,37
"795",2500,59
"796",6300,63
"797",1860,39
"798",2200,46
"799",3200,36
"800",2300,52
"801",3000,40
"802",1850,57
"803",2800,57
"804",3000,40
"805",3000,35
"806",4800,61
"807",1900,41
"808",1900,23
"809",2450,33
"810",630,65
"811",3600,66
"812",3500,34
"813",4000,60
"814",2100,52
"815",2100,23
"816",3000,43
"817",5400,47
"818",2500,56
"819",3400,33
"820",2000,41
"821",2800,61
"822",2000,50
"823",2100,34
"824",1920,65
"825",3200,32
"826",2900,37
"827",2800,57
"828",2200,52
"829",3540,46
"830",2200,55
"831",1400,35
"832",3000,33
"833",3000,59
"834",2000,55
"835",2500,55
"836",2500,38
"837",4600,54
"838",9400,47
"839",5300,45
"840",2600,50
"841",4000,48
"842",2500,38
"843",5000,57
"844",1800,34
"845",1650,54
"846",3400,52
"847",1990,50
"848",3900,43
"849",3500,32
"850",2900,42
"851",2100,40
"852",2800,30
"853",1950,31
"854",1800,51
"855",1650,55
"856",2800,28
"857",1500,49
"858",2100,37
"859",4000,49
"860",1900,51
"861",2500,50
"862",2300,55
"863",2000,56
"864",1860,51
"865",2200,48
"866",1750,24
"867",4000,56
"868",2500,49
"869",1700,45
"870",1500,40
"871",2500,58
"872",2200,30
"873",1800,62
"874",2500,66
"875",2500,40
"876",9000,61
"877",3000,56
"878",3100,28
"879",1920,48
"880",1900,64
"881",2300,38
"882",1921,53
"883",3500,25
"884",5000,55
"885",3100,54
"886",2900,32
"887",5500,26
"888",2200,58
"889",3000,39
"890",2500,38
"891",1800,57
"892",2800,52
"893",3500,39
"894",3200,40
"895",3800,48
"896",1600,40
"897",1900,47
"898",1900,44
"899",1600,60
"900",2200,52
"901",4500,45
"902",3000,38
"903",3200,44
"904",2400,48
"905",2100,21
"906",3600,45
"907",2800,28
"908",5000,48
"909",3000,52
"910",1920,49
"911",3500,62
"912",2600,55
"913",2000,25
"914",2000,23
"915",2150,56
"916",1900,49
"917",3500,46
"918",3500,25
"919",3200,58
"920",4000,45
"921",2200,36
"922",3500,34
"923",2500,36
"924",4000,51
"925",4000,60
"926",1500,61
"927",1900,52
"928",4000,48
"929",3500,66
"930",3000,37
"931",2600,40
"932",3500,53
"933",3600,39
"934",1800,49
"935",4000,50
"936",2400,53
"937",4600,48
"938",1800,36
"939",2600,62
"940",4000,60
"941",1500,22
"942",3000,61
"943",1921,36
"944",1930,58
"945",1800,56
"946",2500,40
"947",2700,44
"948",1878,47
"949",3000,58
"950",3700,33
"951",1900,22
"952",2000,35
"953",1900,23
"954",4800,43
"955",4500,50
"956",3500,45
"957",1900,27
"958",2400,27
"959",3050,47
"960",3000,50
"961",2500,56
"962",3000,35
"963",300,44
"964",3500,41
"965",2700,48
"966",2500,42
"967",4000,43
"968",1900,30
"969",2700,30
"970",2500,41
"971",2600,42
"972",1630,44
"973",1700,21
"974",8000,39
"975",1800,47
"976",3600,53
"977",4500,35
"978",3700,32
"979",2700,45
"980",2000,59
"981",4000,38
"982",1680,58
"983",3200,37
"984",8500,44
"985",4000,25
"986",10000,37
"987",2600,35
"988",2400,36
"989",2600,57
"990",2200,57
"991",2600,45
"992",8660,37
"993",1850,62
"994",2300,33
"995",2000,32
"996",7500,28
"997",2900,46
"998",2500,28
"999",3000,37
"1000",5000,44
"1001",1800,65
"1002",3000,66
"1003",4000,46
"1004",1940,48
"1005",3500,54
"1006",1800,53
"1007",2500,38
"1008",16000,65
"1009",3800,60
"1010",700,67
"1011",4800,35
"1012",2340,32
"1013",3000,33
"1014",2000,48
"1015",2500,48
"1016",4000,61
"1017",4400,42
"1018",3000,40
"1019",1900,22
"1020",1920,50
"1021",2000,38
"1022",2200,34
"1023",13000,30
"1024",3200,62
"1025",2500,23
"1026",3000,57
"1027",3200,41
"1028",2500,27
"1029",3600,32
"1030",2750,30
"1031",2700,41
"1032",2200,65
"1033",1900,61
"1034",2500,29
"1035",2800,33
"1036",2000,30
"1037",3000,46
"1038",2700,37
"1039",2200,51
"1040",4500,43
"1041",2200,32
"1042",3500,51
"1043",1430,50
"1044",2200,40
"1045",1900,44
"1046",3000,42
"1047",2800,54
"1048",4000,32
"1049",2000,38
"1050",2900,37
"1051",2650,62
"1052",1900,40
"1053",4000,54
"1054",2100,58
"1055",4000,36
"1056",340,53
"1057",4500,28
"1058",4500,64
"1059",5000,32
"1060",3300,46
"1061",4000,53
"1062",3500,38
"1063",2700,51
"1064",2000,26
"1065",5000,44
"1066",3600,27
"1067",4000,57
"1068",2600,57
"1069",3000,40
"1070",2100,29
"1071",4500,47
"1072",3300,52
"1073",2500,32
"1074",3000,37
"1075",4000,42
"1076",3710,36
"1077",2600,49
"1078",3100,24
"1079",3300,50
"1080",2800,48
"1081",2360,37
"1082",3100,48
"1083",2100,45
"1084",1900,23
"1085",10000,35
"1086",3100,32
"1087",2000,48
"1088",1800,20
"1089",3000,48
"1090",1200,37
"1091",2100,59
"1092",3000,34
"1093",2700,32
"1094",1800,39
"1095",2200,52
"1096",2200,43
"1097",6000,44
"1098",2700,43
"1099",2250,41
"1100",3700,39
"1101",2500,62
"1102",3700,41
"1103",2400,28
"1104",2890,53
"1105",2000,48
"1106",4500,57
"1107",3400,38
"1108",2800,40
"1109",5000,52
"1110",2100,39
"1111",2300,36
"1112",2350,58
"1113",1950,56
"1114",2700,29
"1115",6000,37
"1116",1800,58
"1117",3600,35
"1118",2600,62
"1119",8000,40
"1120",1900,30
"1121",4400,59
"1122",3000,31
"1123",2100,33
"1124",2500,37
"1125",2500,40
"1126",6000,41
"1127",2500,41
"1128",3500,54
"1129",6000,38
"1130",3100,36
"1131",2050,65
"1132",4500,47
"1133",2500,58
"1134",4000,54
"1135",3000,58
"1136",2000,58
"1137",1920,50
"1138",2500,30
"1139",2400,45
"1140",2500,23
"1141",3000,57
"1142",4000,35
"1143",5500,65
"1144",2500,42
"1145",2700,44
"1146",2100,63
"1147",1870,49
"1148",1900,27
"1149",2900,74
"1150",3100,37
"1151",2850,55
"1152",3250,61
"1153",4243,28
"1154",2100,34
"1155",1800,63
"1156",3000,52
"1157",1600,49
"1158",2100,33
"1159",2600,37
"1160",2600,56
"1161",4500,52
"1162",3000,60
"1163",2700,34
"1164",1960,47
"1165",4500,35
"1166",2800,42
"1167",2500,40
"1168",1900,56
"1169",6000,46
"1170",2500,60
"1171",3000,50
"1172",2000,43
"1173",2800,31
"1174",2500,40
"1175",2500,44
"1176",2400,45
"1177",2500,28
"1178",4000,52
"1179",2500,50
"1180",3000,42
"1181",3200,50
"1182",3000,22
"1183",4000,57
"1184",3000,57
"1185",2400,49
"1186",2100,36
"1187",2500,28
"1188",1021,55
"1189",3500,53
"1190",3700,33
"1191",2300,20
"1192",2000,47
"1193",2400,43
"1194",5200,52
"1195",3000,42
"1196",2150,40
"1197",5600,64
"1198",1500,33
"1199",3500,54
"1200",3300,32
"1201",600,27
"1202",4000,58
"1203",2500,32
"1204",2000,59
"1205",5000,29
"1206",2000,27
"1207",2150,58
"1208",2700,55
"1209",2000,51
"1210",2000,20
"1211",1850,24
"1212",5500,45
"1213",2500,34
"1214",4000,34
"1215",1930,27
"1216",3000,54
"1217",2100,21
"1218",2600,25
"1219",2000,26
"1220",2100,61
"1221",3500,37
"1222",1600,35
"1223",3400,47
"1224",3000,48
"1225",2200,31
"1226",2600,48
"1227",1950,30
"1228",1500,34
"1229",2400,57
"1230",2000,29
"1231",3500,56
"1232",2700,31
"1233",2500,65
"1234",2700,50
"1235",3000,40
"1236",2500,31
"1237",2500,39
"1238",1920,42
"1239",3800,45
"1240",3900,34
"1241",2200,54
"1242",4000,42
"1243",1800,43
"1244",3000,30
"1245",5000,47
"1246",2300,40
"1247",2100,27
"1248",700,29
"1249",2250,55
"1250",3500,48
"1251",3500,32
"1252",3000,37
"1253",6500,47
"1254",2300,37
"1255",4000,61
"1256",1779,41
"1257",2100,52
"1258",3500,34
"1259",5500,44
"1260",4600,27
"1261",1500,64
"1262",2600,57
"1263",2500,34
"1264",4000,27
"1265",2500,32
"1266",1650,33
"1267",5000,52
"1268",1920,54
"1269",900,73
"1270",3700,34
"1271",3500,46
"1272",4400,39
"1273",2300,23
"1274",1462,35
"1275",3000,30
"1276",2700,50
"1277",5000,33
"1278",4000,34
"1279",2030,32
"1280",2100,59
"1281",2000,39
"1282",3100,48
"1283",2100,40
"1284",2500,28
"1285",1600,59
"1286",3500,34
"1287",2400,36
"1288",2300,55
"1289",3800,41
"1290",3300,33
"1291",1950,57
"1292",4200,39
"1293",4200,27
"1294",1000,74
"1295",5000,26
"1296",2500,51
"1297",2070,25
"1298",3000,53
"1299",2000,51
"1300",3000,40
"1301",3200,45
"1302",1800,21
"1303",4800,51
"1304",1800,29
"1305",4000,46
"1306",1650,20
"1307",3000,56
"1308",1900,62
"1309",2000,35
"1310",1900,30
"1311",3000,50
"1312",1700,46
"1313",2800,42
"1314",1930,43
"1315",2000,30
"1316",1900,23
"1317",4000,31
"1318",2200,39
"1319",6000,50
"1320",3000,27
"1321",3000,59
"1322",3400,46
"1323",2150,21
"1324",3500,35
"1325",1800,39
"1326",4000,38
"1327",1960,41
"1328",3500,46
"1329",3200,32
"1330",2000,22
"1331",3000,36
"1332",5400,52
"1333",2000,22
"1334",1900,58
"1335",4000,40
"1336",600,41
"1337",4000,40
"1338",1900,27
"1339",3200,56
"1340",3000,63
"1341",2800,44
"1342",2850,31
"1343",3000,57
"1344",2800,61
"1345",4200,45
"1346",1900,56
"1347",2100,53
"1348",3000,59
"1349",3000,32
"1350",2000,45
"1351",5000,43
"1352",1500,25
"1353",1700,63
"1354",7500,39
"1355",3650,31
"1356",2050,55
"1357",1920,42
"1358",1920,24
"1359",2000,36
"1360",2000,60
"1361",3000,47
"1362",3800,26
"1363",2200,37
"1364",3200,57
"1365",1920,37
"1366",3100,41
"1367",1800,52
"1368",2000,46
"1369",2100,54
"1370",1920,53
"1371",3600,56
"1372",2000,53
"1373",2200,48
"1374",1930,36
"1375",4000,40
"1376",2800,47
"1377",3900,61
"1378",2270,51
"1379",8500,39
"1380",2000,47
"1381",2000,46
"1382",2200,64
"1383",2100,61
"1384",1890,56
"1385",2400,35
"1386",2200,24
"1387",2800,55
"1388",2500,34
"1389",1700,36
"1390",1500,66
"1391",4000,63
"1392",2500,38
"1393",3000,35
"1394",3500,38
"1395",2000,35
"1396",1400,53
"1397",2800,37
"1398",3100,34
"1399",2800,35
"1400",1600,57
"1401",3200,57
"1402",2500,33
"1403",1680,33
"1404",2400,30
"1405",2200,25
"1406",2600,51
"1407",2670,51
"1408",2300,42
"1409",4500,47
"1410",1920,36
"1411",2600,58
"1412",2100,35
"1413",5440,36
"1414",5000,31
"1415",2500,44
"1416",2550,72
"1417",5000,48
"1418",4200,51
"1419",3400,46
"1420",3700,41
"1421",7000,44
"1422",2100,61
"1423",5500,33
"1424",6000,29
"1425",4200,33
"1426",1900,45
"1427",4000,62
"1428",5500,64
"1429",2200,48
"1430",5000,53
"1431",2700,26
"1432",2061,48
"1433",1600,45
"1434",4200,39
"1435",1940,59
"1436",2000,71
"1437",2600,54
"1438",3200,38
"1439",2200,55
"1440",11000,24
"1441",5500,32
"1442",3600,58
"1443",2000,27
"1444",2800,38
"1445",2100,49
"1446",2700,27
"1447",1900,26
"1448",3000,38
"1449",2300,55
"1450",2100,28
"1451",600,19
"1452",1920,56
"1453",3800,35
"1454",5000,54
"1455",2000,31
"1456",3500,55
"1457",2400,25
"1458",5000,30
"1459",2600,22
"1460",2350,52
"1461",2000,30
"1462",2200,40
"1463",2200,35
"1464",2200,46
"1465",2500,40
"1466",2700,52
"1467",1308,64
"1468",2800,62
"1469",3600,56
"1470",2100,41
"1471",6000,31
"1472",3500,30
"1473",2700,37
"1474",2200,27
"1475",2520,62
"1476",1950,38
"1477",2200,49
"1478",246,16
"1479",3000,24
"1480",3000,57
"1481",7000,36
"1482",3800,43
"1483",4000,61
"1484",1003,50
"1485",3500,56
"1486",2600,39
"1487",3500,32
"1488",2600,45
"1489",3360,60
"1490",3000,30
"1491",1500,27
"1492",2000,46
"1493",2000,48
"1494",2500,64
"1495",4000,45
"1496",2100,54
"1497",4000,55
"1498",1740,34
"1499",2000,40
"1500",2000,45
"1501",2700,48
"1502",5100,40
"1503",2500,26
"1504",2000,45
"1505",1800,49
"1506",2400,53
"1507",2200,56
"1508",3200,55
"1509",3600,62
"1510",2800,37
"1511",1710,39
"1512",3500,25
"1513",1800,53
"1514",4500,41
"1515",4500,34
"1516",3000,51
"1517",3600,39
"1518",2000,49
"1519",1920,60
"1520",4300,46
"1521",3500,53
"1522",6000,38
"1523",2400,34
"1524",2500,36
"1525",2500,56
"1526",1600,29
"1527",1800,52
"1528",1900,57
"1529",1921,36
"1530",2400,58
"1531",1700,59
"1532",3000,30
"1533",2800,58
"1534",2300,22
"1535",3500,34
"1536",2450,44
"1537",2400,41
"1538",3800,32
"1539",3400,41
"1540",1900,58
"1541",2400,27
"1542",3900,41
"1543",2600,47
"1544",1980,43
"1545",2500,55
"1546",2000,31
"1547",2800,33
"1548",2500,28
"1549",2500,48
"1550",3700,58
"1551",1980,58
"1552",270,19
"1553",2300,46
"1554",2500,25
"1555",2650,49
"1556",3900,58
"1557",3000,35
"1558",6000,44
"1559",4300,42
"1560",6500,46
"1561",4900,32
"1562",3500,32
"1563",3600,55
"1564",5000,37
"1565",7000,47
"1566",7050,43
"1567",3000,44
"1568",1800,29
"1569",3000,52
"1570",3000,50
"1571",1200,23
"1572",2000,52
"1573",2700,37
"1574",2500,36
"1575",3600,53
"1576",4500,35
"1577",3750,55
"1578",2400,44
"1579",5000,34
"1580",2000,44
"1581",800,57
"1582",2900,27
"1583",2650,50
"1584",6200,34
"1585",2400,36
"1586",3500,30
"1587",1870,63
"1588",2300,49
"1589",2000,36
"1590",1300,53
"1591",3200,38
"1592",4000,63
"1593",2045,56
"1594",2450,47
"1595",950,46
"1596",5000,40
"1597",3500,64
"1598",9500,44
"1599",2850,59
"1600",6400,56
"1601",900,21
"1602",1750,57
"1603",1700,45
"1604",3500,35
"1605",2500,47
"1606",4000,24
"1607",1900,25
"1608",340,55
"1609",340,62
"1610",2400,61
"1611",3000,31
"1612",2000,23
"1613",3500,45
"1614",2800,43
"1615",1600,59
"1616",2200,34
"1617",4000,34
"1618",2500,56
"1619",2000,34
"1620",2500,52
"1621",2200,47
"1622",2500,24
"1623",1750,45
"1624",1800,65
"1625",5000,31
"1626",2000,39
"1627",1950,33
"1628",2800,57
"1629",1950,25
"1630",2200,64
"1631",2900,28
"1632",1730,40
"1633",1700,31
"1634",3500,49
"1635",2400,30
"1636",900,54
"1637",2100,45
"1638",2750,54
"1639",850,45
"1640",2500,47
"1641",3400,32
"1642",2900,47
"1643",2000,24
"1644",2000,39
"1645",1900,35
"1646",600,60
"1647",1930,61
"1648",6000,46
"1649",2200,51
"1650",2000,24
"1651",3500,56
"1652",2200,27
"1653",1900,38
"1654",6000,31
"1655",2500,50
"1656",3800,56
"1657",2700,54
"1658",1900,33
"1659",1800,32
"1660",2200,21
"1661",1800,48
"1662",1950,55
"1663",3000,55
"1664",2000,46
"1665",2500,39
"1666",2300,46
"1667",2300,26
"1668",2650,61
"1669",2600,34
"1670",3700,55
"1671",1800,49
"1672",5000,57
"1673",2500,54
"1674",4500,44
"1675",3000,40
"1676",2500,59
"1677",2800,55
"1678",2500,53
"1679",2500,24
"1680",5000,40
"1681",2200,60
"1682",2000,26
"1683",3700,52
"1684",2500,26
"1685",2800,63
"1686",3000,37
"1687",1900,53
"1688",2200,55
"1689",2200,29
"1690",4000,48
"1691",4200,32
"1692",3500,37
"1693",2500,46
"1694",4500,59
"1695",1500,35
"1696",2400,62
"1697",650,39
"1698",4800,55
"1699",2200,20
"1700",2400,43
"1701",3500,46
"1702",2900,46
"1703",2700,20
"1704",2200,63
"1705",3000,44
"1706",2500,45
"1707",6000,52
"1708",2200,40
"1709",1500,59
"1710",4000,53
"1711",1025,59
"1712",2500,64
"1713",1950,25
"1714",3000,57
"1715",2600,44
"1716",4000,57
"1717",2700,58
"1718",5000,32
"1719",6000,34
"1720",2200,46
"1721",2150,50
"1722",5400,35
"1723",3000,26
"1724",2200,75
"1725",1910,25
"1726",3600,41
"1727",1950,58
"1728",1950,24
"1729",3000,50
"1730",2000,53
"1731",5700,45
"1732",2200,24
"1733",3000,23
"1734",2500,44
"1735",2800,26
"1736",3000,63
"1737",4000,20
"1738",2350,55
"1739",3000,37
"1740",2000,54
"1741",2300,36
"1742",2000,56
"1743",2900,33
"1744",2800,68
"1745",1940,48
"1746",2300,43
"1747",1000,46
"1748",4000,43
"1749",2000,59
"1750",4000,49
"1751",2100,57
"1752",2500,32
"1753",1860,29
"1754",4000,51
"1755",3000,28
"1756",2100,59
"1757",2150,57
"1758",3100,57
"1759",6000,46
"1760",1800,22
"1761",3700,55
"1762",1800,23
"1763",2700,45
"1764",1700,47
"1765",1980,42
"1766",2500,40
"1767",3000,62
"1768",2200,52
"1769",3400,40
"1770",2100,35
"1771",2100,44
"1772",2000,58
"1773",1900,24
"1774",1000,55
"1775",2000,39
"1776",3500,57
"1777",2700,54
"1778",4200,38
"1779",4000,37
"1780",4600,29
"1781",3600,40
"1782",2300,37
"1783",2200,54
"1784",2000,20
"1785",2500,45
"1786",3000,58
"1787",2500,60
"1788",2000,25
"1789",2000,46
"1790",2500,35
"1791",2300,29
"1792",300,78
"1793",2000,56
"1794",5700,45
"1795",2000,31
"1796",1920,63
"1797",2200,29
"1798",2900,37
"1799",2150,66
"1800",1850,26
"1801",1000,20
"1802",2290,34
"1803",4000,37
"1804",3200,32
"1805",2200,35
"1806",3000,42
"1807",2000,44
"1808",2100,34
"1809",6000,47
"1810",2900,35
"1811",4500,42
"1812",2100,57
"1813",6500,32
"1814",3500,46
"1815",250,15
"1816",2200,58
"1817",2200,44
"1818",5500,50
"1819",2500,56
"1820",3700,40
"1821",2000,41
"1822",1700,43
"1823",4600,49
"1824",3600,41
"1825",3500,44
"1826",2900,43
"1827",2100,33
"1828",4300,55
"1829",3200,37
"1830",2150,26
"1831",1400,23
"1832",3200,37
"1833",2100,48
"1834",2400,42
"1835",3710,36
"1836",2700,38
"1837",4000,64
"1838",3000,30
"1839",4000,37
"1840",2700,37
"1841",3000,46
"1842",4000,23
"1843",2100,53
"1844",3700,25
"1845",4700,31
"1846",2500,56
"1847",3700,50
"1848",5700,69
"1849",2200,49
"1850",4500,32
"1851",2000,39
"1852",4000,48
"1853",1990,50
"1854",3700,55
"1855",6000,39
"1856",3000,61
"1857",2500,39
"1858",2100,41
"1859",3500,51
"1860",3000,24
"1861",4500,42
"1862",3000,58
"1863",4000,45
"1864",3200,72
"1865",2900,59
"1866",2700,65
"1867",3000,48
"1868",2000,28
"1869",3100,32
"1870",4500,37
"1871",1600,36
"1872",3100,27
"1873",4000,44
"1874",600,21
"1875",1800,23
"1876",2500,32
"1877",2400,32
"1878",2700,45
"1879",5600,50
"1880",5600,50
"1881",2889,54
"1882",2600,27
"1883",2500,33
"1884",3200,44
"1885",3200,45
"1886",2200,59
"1887",2700,50
"1888",2500,36
"1889",2500,31
"1890",2000,24
"1891",4500,52
"1892",2000,25
"1893",2200,40
"1894",2200,33
"1895",300,78
"1896",4000,27
"1897",3000,30
"1898",2500,57
"1899",2700,59
"1900",5000,43
"1901",4000,63
"1902",3300,60
"1903",3100,46
"1904",2500,57
"1905",2000,28
"1906",1920,27
"1907",2000,51
"1908",2200,69
"1909",887,43
"1910",3600,55
"1911",2300,51
"1912",2500,31
"1913",2000,40
"1914",2600,29
"1915",1900,46
"1916",2000,44
"1917",9000,33
"1918",5000,41
"1919",2600,50
"1920",1700,52
"1921",3000,50
"1922",2500,31
"1923",3000,40
"1924",2500,61
"1925",3500,41
"1926",2500,52
"1927",3700,55
"1928",1750,46
"1929",3500,35
"1930",1987,37
"1931",3500,27
"1932",3200,47
"1933",2600,35
"1934",3200,52
"1935",1700,52
"1936",3000,38
"1937",1030,35
"1938",2500,38
"1939",1500,34
"1940",2000,25
"1941",5000,30
"1942",2000,40
"1943",5000,29
"1944",2500,21
"1945",1200,71
"1946",3900,27
"1947",1700,39
"1948",4500,43
"1949",9000,35
"1950",6000,41
"1951",1900,43
"1952",2000,42
"1953",1200,74
"1954",4000,36
"1955",2800,61
"1956",3000,53
"1957",2600,48
"1958",4000,42
"1959",2900,39
"1960",4700,40
"1961",2300,48
"1962",3700,48
"1963",3000,45
"1964",3000,54
"1965",3100,27
"1966",2300,40
"1967",6000,25
"1968",2900,42
"1969",2300,37
"1970",1950,31
"1971",1800,41
"1972",4000,38
"1973",2500,29
"1974",4200,29
"1975",3000,45
"1976",2500,41
"1977",3000,41
"1978",3200,56
"1979",4000,28
"1980",2200,71
"1981",2100,44
"1982",2700,45
"1983",2100,44
"1984",3000,44
"1985",2000,38
"1986",4000,40
"1987",3200,31
"1988",1800,70
"1989",3000,37
"1990",1920,65
"1991",1800,65
"1992",3800,34
"1993",2308,26
"1994",2980,43
"1995",4500,65
"1996",2200,62
"1997",3000,41
"1998",1900,53
"1999",2600,64
"2000",8000,51
"2001",1600,48
"2002",5000,48
"2003",5000,50
"2004",1700,24
"2005",0,39
"2006",2980,32
"2007",3500,32
"2008",11000,37
"2009",920,53
"2010",1800,58
"2011",6500,41
"2012",3500,35
"2013",2300,36
"2014",2000,40
"2015",2500,36
"2016",1900,51
"2017",5000,28
"2018",1980,44
"2019",2500,54
"2020",2800,37
"2021",2200,21
"2022",1700,28
"2023",1900,26
"2024",2700,46
"2025",3500,32
"2026",1700,30
"2027",1800,55
"2028",1400,56
"2029",3200,54
"2030",3500,29
"2031",3500,67
"2032",3000,71
"2033",4800,43
"2034",3800,45
"2035",2650,51
"2036",2700,51
"2037",2100,42
"2038",3500,30
"2039",2500,40
"2040",2650,33
"2041",2500,64
"2042",2000,39
"2043",3000,60
"2044",4200,37
"2045",2100,64
"2046",2800,53
"2047",2400,31
"2048",3300,37
"2049",1800,57
"2050",2100,58
"2051",4500,30
"2052",1500,66
"2053",2300,40
"2054",2700,30
"2055",2800,58
"2056",2600,51
"2057",1900,62
"2058",2000,56
"2059",2950,42
"2060",2500,50
"2061",2500,39
"2062",2625,51
"2063",2200,58
"2064",2000,62
"2065",2000,56
"2066",4000,26
"2067",2400,49
"2068",2600,46
"2069",1900,30
"2070",2000,38
"2071",2900,26
"2072",6000,41
"2073",2400,37
"2074",2400,27
"2075",6000,38
"2076",2200,47
"2077",2400,44
"2078",4000,36
"2079",3500,26
"2080",4300,54
"2081",2500,41
"2082",4000,41
"2083",3100,22
"2084",2500,42
"2085",1921,27
"2086",3000,27
"2087",4000,58
"2088",8100,52
"2089",6000,28
"2090",5000,41
"2091",1850,31
"2092",2200,34
"2093",4000,44
"2094",4000,42
"2095",1960,41
"2096",1850,25
"2097",1900,71
"2098",2800,29
"2099",2000,21
"2100",2500,24
"2101",2000,51
"2102",1900,61
"2103",4000,27
"2104",9000,42
"2105",2800,67
"2106",5200,36
"2107",6000,41
"2108",2600,34
"2109",1800,49
"2110",2500,48
"2111",2700,55
"2112",2900,44
"2113",4000,54
"2114",2600,45
"2115",1400,21
"2116",2000,54
"2117",500,54
"2118",1680,40
"2119",2500,41
"2120",2500,35
"2121",1900,35
"2122",2250,44
"2123",4300,39
"2124",2500,39
"2125",3000,39
"2126",900,48
"2127",2000,50
"2128",2700,32
"2129",2600,21
"2130",2600,46
"2131",1760,42
"2132",2800,37
"2133",2300,35
"2134",2500,55
"2135",2000,26
"2136",2300,39
"2137",2030,61
"2138",3200,44
"2139",4000,47
"2140",3200,39
"2141",2300,61
"2142",3200,53
"2143",1800,49
"2144",4500,48
"2145",1900,64
"2146",1400,62
"2147",2300,53
"2148",2500,26
"2149",4500,42
"2150",2000,29
"2151",3500,30
"2152",1900,27
"2153",3400,32
"2154",4200,37
"2155",3400,39
"2156",1850,48
"2157",3000,35
"2158",3000,50
"2159",2500,50
"2160",2600,46
"2161",2900,56
"2162",2500,57
"2163",1700,52
"2164",2880,60
"2165",2600,50
"2166",4000,31
"2167",3600,22
"2168",1500,39
"2169",2500,54
"2170",1100,56
"2171",2300,26
"2172",5000,51
"2173",2100,48
"2174",4500,39
"2175",2200,54
"2176",1865,45
"2177",2500,32
"2178",3000,59
"2179",1780,25
"2180",2600,47
"2181",4000,57
"2182",6500,34
"2183",2400,36
"2184",3800,60
"2185",3000,64
"2186",2000,63
"2187",1800,33
"2188",1000,60
"2189",2900,30
"2190",1920,34
"2191",2300,22
"2192",2100,30
"2193",3200,47
"2194",1700,37
"2195",1250,42
"2196",3100,27
"2197",1820,52
"2198",1900,47
"2199",1800,49
"2200",4000,50
"2201",2100,52
"2202",3700,52
"2203",2600,21
"2204",2750,23
"2205",2600,46
"2206",1920,36
"2207",3200,54
"2208",1500,50
"2209",3200,62
"2210",2000,47
"2211",3000,48
"2212",1300,70
"2213",1920,41
"2214",2100,52
"2215",2600,29
"2216",3400,50
"2217",4500,33
"2218",2840,36
"2219",3400,29
"2220",1900,52
"2221",1900,53
"2222",4000,45
"2223",2500,57
"2224",5000,47
"2225",2300,50
"2226",3000,47
"2227",2700,51
"2228",2100,65
"2229",2700,29
"2230",2500,54
"2231",1000,48
"2232",4500,41
"2233",2750,38
"2234",1500,67
"2235",2150,50
"2236",2000,58
"2237",2500,26
"2238",4000,54
"2239",2500,26
"2240",2300,24
"2241",2340,32
"2242",3500,37
"2243",3000,33
"2244",3500,48
"2245",4400,27
"2246",2300,30
"2247",3000,38
"2248",3200,37
"2249",4000,44
"2250",2800,41
"2251",3800,55
"2252",4000,46
"2253",3000,37
"2254",3000,42
"2255",2000,60
"2256",3000,48
"2257",2200,41
"2258",2000,42
"2259",2500,43
"2260",2290,34
"2261",1900,54
"2262",6000,61
"2263",3100,23
"2264",2700,46
"2265",3000,50
"2266",2890,46
"2267",4000,57
"2268",4000,51
"2269",2700,44
"2270",940,20
"2271",3500,50
"2272",3000,44
"2273",3000,32
"2274",1800,66
"2275",2300,56
"2276",6000,52
"2277",2800,62
"2278",2600,61
"2279",2300,50
"2280",5000,35
"2281",1930,61
"2282",1900,44
"2283",1800,25
"2284",2500,28
"2285",1800,56
"2286",4000,57
"2287",3000,45
"2288",3000,51
"2289",1650,55
"2290",3800,58
"2291",2000,56
"2292",3500,48
"2293",2200,32
"2294",1930,37
"2295",4000,33
"2296",4200,50
"2297",2600,50
"2298",2700,60
"2299",2500,66
"2300",2500,43
"2301",3000,26
"2302",2400,44
"2303",4000,28
"2304",2600,30
"2305",2600,26
"2306",2600,34
"2307",1500,47
"2308",2800,50
"2309",2600,22
"2310",2600,50
"2311",1790,37
"2312",3700,42
"2313",2400,22
"2314",4800,42
"2315",2600,27
"2316",1930,63
"2317",2750,46
"2318",600,31
"2319",4900,39
"2320",3500,34
"2321",4500,36
"2322",5700,48
"2323",5200,60
"2324",2300,56
"2325",4000,46
"2326",2000,23
"2327",3000,42
"2328",3000,41
"2329",4200,43
"2330",2700,32
"2331",3500,37
"2332",1800,48
"2333",3500,56
"2334",1900,37
"2335",4000,34
"2336",2100,36
"2337",2600,37
"2338",2000,36
"2339",7000,56
"2340",3500,60
"2341",3500,25
"2342",600,24
"2343",6000,37
"2344",1900,68
"2345",5500,40
"2346",2500,32
"2347",3000,26
"2348",800,78
"2349",2200,27
"2350",2600,53
"2351",3000,40
"2352",2750,56
"2353",2500,32
"2354",2700,65
"2355",3380,62
"2356",3400,61
"2357",2300,53
"2358",4200,29
"2359",3500,36
"2360",2300,51
"2361",2300,34
"2362",2350,29
"2363",1880,47
"2364",3400,34
"2365",2300,51
"2366",2500,23
"2367",3100,48
"2368",3400,49
"2369",1900,46
"2370",1500,37
"2371",5900,63
"2372",1866,30
"2373",4000,56
"2374",2200,42
"2375",4100,40
"2376",2600,56
"2377",2750,23
"2378",1900,55
"2379",2600,46
"2380",3500,33
"2381",3000,36
"2382",5000,39
"2383",2200,53
"2384",6000,56
"2385",2900,64
"2386",3500,32
"2387",3240,61
"2388",2400,57
"2389",3200,28
"2390",2200,28
"2391",9300,65
"2392",2300,51
"2393",3500,53
"2394",3900,58
"2395",1700,62
"2396",2500,34
"2397",4300,34
"2398",2500,62
"2399",3000,33
"2400",1500,22
"2401",3250,58
"2402",3000,37
"2403",2200,68
"2404",1600,42
"2405",1650,37
"2406",2300,58
"2407",2900,45
"2408",2500,45
"2409",2800,35
"2410",3100,34
"2411",4700,39
"2412",3200,61
"2413",2100,55
"2414",2800,58
"2415",3500,28
"2416",2600,26
"2417",2400,34
"2418",2500,21
"2419",4500,43
"2420",5500,40
"2421",3800,65
"2422",2500,29
"2423",2700,43
"2424",3200,31
"2425",3600,58
"2426",2700,59
"2427",3200,60
"2428",2500,56
"2429",1780,44
"2430",1634,43
"2431",2400,46
"2432",1300,68
"2433",2100,73
"2434",2000,66
"2435",2500,65
"2436",2400,38
"2437",10000,63
"2438",1900,35
"2439",2700,37
"2440",1900,46
"2441",1900,60
"2442",2500,28
"2443",2100,31
"2444",6000,33
"2445",1900,48
"2446",3800,33
"2447",2100,35
"2448",1000,67
"2449",2000,64
"2450",3400,60
"2451",2100,55
"2452",2700,21
"2453",3000,47
"2454",3500,61
"2455",1999,53
"2456",3700,41
"2457",3500,61
"2458",4000,31
"2459",2650,27
"2460",2400,59
"2461",2580,50
"2462",5000,41
"2463",3200,28
"2464",2000,62
"2465",2900,59
"2466",1900,52
"2467",3000,39
"2468",6000,49
"2469",1800,21
"2470",3500,58
"2471",2300,40
"2472",2300,39
"2473",3400,24
"2474",1600,54
"2475",4700,52
"2476",3200,57
"2477",2500,37
"2478",2100,44
"2479",2100,49
"2480",2200,62
"2481",2000,58
"2482",1600,64
"2483",2700,50
"2484",1650,58
"2485",1650,33
"2486",3500,34
"2487",2700,32
"2488",1400,34
"2489",3500,52
"2490",2400,26
"2491",4000,33
"2492",3000,36
"2493",3000,33
"2494",4500,55
"2495",1700,24
"2496",3000,60
"2497",2000,25
"2498",2500,53
"2499",1996,43
"2500",1850,22
"2501",4200,35
"2502",2200,28
"2503",2000,68
"2504",2500,27
"2505",4200,51
"2506",4000,27
"2507",6000,64
"2508",4000,41
"2509",3000,39
"2510",5200,43
"2511",3800,44
"2512",1200,42
"2513",2500,42
"2514",2400,32
"2515",3000,66
"2516",2000,26
"2517",2600,33
"2518",3000,27
"2519",900,58
"2520",1920,27
"2521",2300,61
"2522",1200,45
"2523",4000,45
"2524",3000,41
"2525",3500,43
"2526",1050,38
"2527",1885,29
"2528",1920,39
"2529",2700,35
"2530",5500,46
"2531",1600,36
"2532",2200,38
"2533",7000,67
"2534",3000,33
"2535",3000,48
"2536",830,62
"2537",3000,49
"2538",2800,55
"2539",4900,39
"2540",2500,49
"2541",2500,40
"2542",2500,32
"2543",2500,24
"2544",3000,28
"2545",5000,38
"2546",2300,59
"2547",2200,42
"2548",3000,59
"2549",3500,34
"2550",6000,33
"2551",4500,54
"2552",6100,30
"2553",2100,40
"2554",2100,56
"2555",4700,40
"2556",3000,45
"2557",13000,36
"2558",1500,62
"2559",2800,44
"2560",2050,36
"2561",3200,39
"2562",3100,23
"2563",2600,22
"2564",1100,63
"2565",1820,58
"2566",3400,51
"2567",2400,41
"2568",2200,37
"2569",4800,33
"2570",2500,50
"2571",1600,59
"2572",2000,27
"2573",1920,51
"2574",2200,59
"2575",4000,48
"2576",3000,41
"2577",13000,36
"2578",4500,36
"2579",4500,59
"2580",2500,59
"2581",2500,39
"2582",1800,45
"2583",2600,49
"2584",2700,52
"2585",3100,32
"2586",2400,43
"2587",3000,43
"2588",2500,33
"2589",1980,26
"2590",1980,51
"2591",1920,32
"2592",1800,37
"2593",3000,36
"2594",3100,36
"2595",1920,53
"2596",2500,56
"2597",5000,69
"2598",3000,42
"2599",2500,32
"2600",2400,41
"2601",2500,43
"2602",2000,26
"2603",4500,48
"2604",2300,53
"2605",3000,39
"2606",2500,32
"2607",2100,47
"2608",3000,28
"2609",2200,60
"2610",3500,30
"2611",5000,39
"2612",1987,48
"2613",2600,21
"2614",3100,45
"2615",3800,58
"2616",1930,51
"2617",3500,48
"2618",2100,32
"2619",2700,46
"2620",2600,44
"2621",4150,51
"2622",1870,49
"2623",3000,61
"2624",240,16
"2625",1000,64
"2626",1650,64
"2627",2000,53
"2628",3000,44
"2629",4400,32
"2630",3500,61
"2631",2000,41
"2632",1920,51
"2633",3600,52
"2634",1900,39
"2635",2500,59
"2636",1900,53
"2637",5000,40
"2638",2389,53
"2639",2500,20
"2640",2500,37
"2641",3200,50
"2642",2200,50
"2643",2100,54
"2644",3200,44
"2645",4100,44
"2646",2200,33
"2647",3250,57
"2648",4000,31
"2649",1600,54
"2650",1000,52
"2651",1750,26
"2652",2000,58
"2653",1900,48
"2654",2100,44
"2655",3000,60
"2656",2100,38
"2657",3500,59
"2658",2300,46
"2659",1900,53
"2660",2100,52
"2661",4000,37
"2662",3200,43
"2663",2200,30
"2664",5000,43
"2665",2500,43
"2666",2500,49
"2667",2200,44
"2668",2700,21
"2669",2400,40
"2670",1500,59
"2671",1800,48
"2672",2400,58
"2673",1900,37
"2674",3000,42
"2675",2300,23
"2676",1400,60
"2677",2500,34
"2678",2300,51
"2679",2400,46
"2680",3500,45
"2681",1700,23
"2682",5200,42
"2683",1600,31
"2684",3500,36
"2685",2500,30
"2686",3200,58
"2687",2900,34
"2688",2100,37
"2689",3000,32
"2690",3200,31
"2691",2000,48
"2692",2500,42
"2693",3000,58
"2694",3800,31
"2695",2400,37
"2696",1820,56
"2697",1100,45
"2698",6500,33
"2699",800,69
"2700",4000,50
"2701",1920,39
"2702",3700,60
"2703",10000,33
"2704",4200,30
"2705",2500,50
"2706",1900,46
"2707",1680,56
"2708",3600,56
"2709",2500,36
"2710",4000,50
"2711",2000,38
"2712",2600,55
"2713",2400,43
"2714",2500,37
"2715",2200,62
"2716",3000,48
"2717",3000,30
"2718",2600,44
"2719",2700,55
"2720",3500,40
"2721",1800,45
"2722",2100,51
"2723",2500,56
"2724",2700,49
"2725",3600,53
"2726",3000,27
"2727",3800,59
"2728",1500,42
"2729",2350,37
"2730",2200,31
"2731",2800,32
"2732",2000,23
"2733",1900,20
"2734",2200,39
"2735",2500,44
"2736",1800,48
"2737",3900,42
"2738",2700,35
"2739",3000,48
"2740",3300,49
"2741",1700,46
"2742",1700,47
"2743",3000,51
"2744",1950,49
"2745",2000,29
"2746",2600,34
"2747",4500,45
"2748",2500,42
"2749",2400,31
"2750",3000,26
"2751",1800,58
"2752",1920,38
"2753",1930,62
"2754",3500,57
"2755",2200,31
"2756",2100,27
"2757",8500,41
"2758",4000,53
"2759",2500,38
"2760",1700,32
"2761",1800,35
"2762",2600,55
"2763",2000,31
"2764",3000,49
"2765",2100,30
"2766",1750,59
"2767",900,68
"2768",3000,52
"2769",3500,58
"2770",3300,56
"2771",2500,49
"2772",1970,44
"2773",7500,45
"2774",3000,56
"2775",4000,65
"2776",2000,62
"2777",2000,41
"2778",2300,62
"2779",2500,33
"2780",3000,44
"2781",2100,56
"2782",3500,42
"2783",2800,50
"2784",3500,36
"2785",3000,30
"2786",2700,56
"2787",3800,41
"2788",1950,45
"2789",1921,54
"2790",3500,31
"2791",3000,36
"2792",1900,21
"2793",10000,35
"2794",3200,33
"2795",4400,59
"2796",2000,29
"2797",2000,27
"2798",3200,35
"2799",3000,58
"2800",4000,62
"2801",212,16
"2802",2500,31
"2803",2500,46
"2804",2500,32
"2805",1640,38
"2806",4000,38
"2807",2500,45
"2808",2500,53
"2809",1900,52
"2810",3900,32
"2811",3900,28
"2812",2500,56
"2813",6000,43
"2814",7000,56
"2815",7000,60
"2816",4200,59
"2817",2100,34
"2818",2400,45
"2819",2200,47
"2820",2460,39
"2821",1920,38
"2822",3500,55
"2823",2600,44
"2824",1300,72
"2825",2500,39
"2826",3250,40
"2827",2000,51
"2828",1500,63
"2829",3400,50
"2830",1900,18
"2831",3500,58
"2832",2100,48
"2833",2300,42
"2834",1500,57
"2835",2600,32
"2836",3000,46
"2837",2960,61
"2838",3200,62
"2839",3500,46
"2840",1921,44
"2841",4500,47
"2842",4500,38
"2843",3000,29
"2844",2100,23
"2845",3000,35
"2846",3500,44
"2847",1000,27
"2848",5100,40
"2849",5000,31
"2850",2250,32
"2851",5000,34
"2852",2600,50
"2853",3500,41
"2854",3300,26
"2855",3100,24
"2856",2200,47
"2857",3250,55
"2858",2500,62
"2859",1160,44
"2860",3800,25
"2861",2400,48
"2862",2200,41
"2863",1750,26
"2864",4000,58
"2865",2200,27
"2866",3800,48
"2867",1680,55
"2868",2500,56
"2869",6000,33
"2870",3000,47
"2871",1700,57
"2872",1700,54
"2873",8000,53
"2874",10500,44
"2875",2100,51
"2876",1900,53
"2877",1878,52
"2878",1500,61
"2879",1200,66
"2880",1000,65
"2881",4600,27
"2882",1500,64
"2883",3500,39
"2884",2500,40
"2885",2650,46
"2886",2650,45
"2887",5000,40
"2888",2000,66
"2889",1850,62
"2890",3000,56
"2891",3700,31
"2892",3900,57
"2893",2000,38
"2894",5000,63
"2895",2000,42
"2896",4200,45
"2897",3000,41
"2898",1680,56
"2899",2500,36
"2900",2000,34
"2901",3000,58
"2902",3000,46
"2903",2300,42
"2904",3500,55
"2905",3500,34
"2906",1800,53
"2907",3000,39
"2908",4100,58
"2909",1100,55
"2910",2700,24
"2911",2000,33
"2912",2300,52
"2913",1900,26
"2914",900,68
"2915",1928,38
"2916",3500,39
"2917",2500,39
"2918",2800,40
"2919",3600,66
"2920",260,19
"2921",1380,73
"2922",3000,52
"2923",2100,48
"2924",3500,32
"2925",3000,35
"2926",4000,32
"2927",3000,63
"2928",2000,45
"2929",2700,53
"2930",2800,51
"2931",5500,28
"2932",1600,57
"2933",3500,61
"2934",2500,57
"2935",1200,49
"2936",1800,35
"2937",5500,33
"2938",2200,59
"2939",3500,43
"2940",2500,42
"2941",2100,52
"2942",3000,59
"2943",3400,38
"2944",1800,26
"2945",1800,46
"2946",2000,42
"2947",2000,59
"2948",4200,38
"2949",2400,38
"2950",2800,54
"2951",2800,57
"2952",3000,37
"2953",2400,68
"2954",2000,26
"2955",2300,52
"2956",1850,49
"2957",600,65
"2958",7500,26
"2959",4000,41
"2960",1850,38
"2961",4500,56
"2962",2300,32
"2963",2100,47
"2964",3000,46
"2965",1600,20
"2966",3000,48
"2967",3000,55
"2968",3000,56
"2969",2700,22
"2970",5200,58
"2971",6000,27
"2972",3966,30
"2973",2500,38
"2974",1400,30
"2975",850,50
"2976",2500,32
"2977",2200,51
"2978",5000,38
"2979",2500,53
"2980",2400,32
"2981",1994,26
"2982",2700,34
"2983",4400,55
"2984",2700,43
"2985",2300,44
"2986",2000,48
"2987",2200,48
"2988",2100,25
"2989",3100,29
"2990",4000,54
"2991",1880,65
"2992",2400,45
"2993",2300,57
"2994",3000,35
"2995",2400,40
"2996",2500,56
"2997",3500,43
"2998",2600,45
"2999",2800,30
"3000",3000,33
"3001",3200,51
"3002",3500,50
"3003",4000,29
"3004",6500,31
"3005",2000,63
"3006",1000,60
"3007",2300,33
"3008",4500,50
"3009",1800,20
"3010",1760,44
"3011",3200,48
"3012",2500,46
"3013",4000,38
"3014",2200,39
"3015",2500,33
"3016",2400,31
"3017",1900,42
"3018",1600,38
"3019",2600,40
"3020",3500,30
"3021",4400,49
"3022",2000,54
"3023",6000,48
"3024",2700,66
"3025",2000,29
"3026",3900,35
"3027",4500,42
"3028",5800,44
"3029",3300,63
"3030",4000,37
"3031",5500,26
"3032",1900,41
"3033",2700,34
"3034",1750,54
"3035",10000,39
"3036",3000,45
"3037",3000,35
"3038",2050,54
"3039",4600,36
"3040",4500,33
"3041",2500,47
"3042",3500,56
"3043",3000,49
"3044",5000,57
"3045",2400,62
"3046",1980,58
"3047",230,46
"3048",2500,47
"3049",2600,29
"3050",2100,24
"3051",4700,64
"3052",1850,49
"3053",2500,32
"3054",3200,45
"3055",4000,59
"3056",1900,35
"3057",1950,56
"3058",1880,45
"3059",3400,37
"3060",3100,37
"3061",4700,56
"3062",4500,45
"3063",3000,43
"3064",1800,56
"3065",2600,37
"3066",2200,51
"3067",2500,40
"3068",2500,27
"3069",3500,36
"3070",1900,54
"3071",2500,53
"3072",3000,45
"3073",2000,44
"3074",4500,46
"3075",5000,29
"3076",2500,45
"3077",0,62
"3078",2500,40
"3079",3000,46
"3080",3300,35
"3081",1650,59
"3082",3000,53
"3083",2100,35
"3084",2000,26
"3085",10000,45
"3086",2400,38
"3087",2900,61
"3088",5500,32
"3089",2200,48
"3090",3500,27
"3091",2900,42
"3092",3900,51
"3093",2700,63
"3094",2500,33
"3095",1860,43
"3096",2710,37
"3097",1860,62
"3098",3200,48
"3099",2400,34
"3100",1780,40
"3101",1480,50
"3102",2200,48
"3103",2200,44
"3104",3600,65
"3105",2400,50
"3106",2350,46
"3107",3000,59
"3108",2000,62
"3109",1960,61
"3110",4800,27
"3111",3000,51
"3112",4000,27
"3113",1800,49
"3114",2700,41
"3115",2000,39
"3116",2100,58
"3117",1650,37
"3118",4000,44
"3119",2600,54
"3120",3907,34
"3121",2500,28
"3122",2500,30
"3123",3800,28
"3124",2500,39
"3125",1630,36
"3126",2700,63
"3127",2900,40
"3128",1800,31
"3129",3500,31
"3130",2600,54
"3131",4800,46
"3132",2200,45
"3133",3500,60
"3134",2400,40
"3135",5500,28
"3136",3500,51
"3137",2950,50
"3138",2200,27
"3139",3000,71
"3140",3500,63
"3141",2000,43
"3142",1000,28
"3143",2200,47
"3144",2500,48
"3145",2600,47
"3146",4500,51
"3147",3400,51
"3148",3000,45
"3149",3500,33
"3150",4000,36
"3151",4000,52
"3152",2750,56
"3153",5400,57
"3154",3000,60
"3155",2000,60
"3156",4500,42
"3157",2500,45
"3158",1400,33
"3159",2500,72
"3160",3500,31
"3161",3200,35
"3162",2800,60
"3163",2500,59
"3164",1950,48
"3165",1900,45
"3166",3230,57
"3167",3300,38
"3168",3000,43
"3169",1500,66
"3170",2800,56
"3171",3200,33
"3172",4500,31
"3173",4000,58
"3174",4000,61
"3175",2300,52
"3176",4050,28
"3177",3000,40
"3178",5700,33
"3179",1600,20
"3180",3000,48
"3181",3000,56
"3182",2300,57
"3183",4000,55
"3184",2800,28
"3185",2200,60
"3186",2000,37
"3187",4000,48
"3188",3200,59
"3189",2600,41
"3190",5000,46
"3191",3500,43
"3192",2200,39
"3193",2800,44
"3194",3300,40
"3195",3500,46
"3196",4000,59
"3197",3500,61
"3198",3500,30
"3199",3191,38
"3200",3500,44
"3201",2100,22
"3202",3500,61
"3203",1600,59
"3204",1920,41
"3205",2550,44
"3206",2000,64
"3207",3000,36
"3208",2300,33
"3209",1000,34
"3210",1850,53
"3211",5000,28
"3212",2660,46
"3213",2300,57
"3214",2000,47
"3215",3000,35
"3216",2000,26
"3217",1800,53
"3218",4200,35
"3219",2400,60
"3220",2200,33
"3221",3500,62
"3222",750,66
"3223",2200,53
"3224",5000,42
"3225",3600,55
"3226",8000,36
"3227",2000,35
"3228",1350,70
"3229",2800,48
"3230",2000,70
"3231",2300,55
"3232",6000,45
"3233",4000,59
"3234",2700,26
"3235",2900,57
"3236",4000,43
"3237",2400,43
"3238",2800,51
"3239",3000,42
"3240",2400,27
"3241",3000,56
"3242",2000,52
"3243",3000,42
"3244",3000,38
"3245",2000,53
"3246",5600,46
"3247",1800,34
"3248",3500,46
"3249",1800,41
"3250",1730,26
"3251",1850,49
"3252",8000,41
"3253",6000,46
"3254",2035,33
"3255",2700,58
"3256",2700,23
"3257",4500,33
"3258",3000,33
"3259",2200,64
"3260",2800,27
"3261",2200,72
"3262",3400,24
"3263",2600,50
"3264",2100,25
"3265",3400,41
"3266",3500,43
"3267",8000,30
"3268",3200,29
"3269",8500,29
"3270",1900,40
"3271",4000,49
"3272",2120,50
"3273",2500,43
"3274",3000,26
"3275",2000,26
"3276",2200,58
"3277",1100,28
"3278",4000,52
"3279",4000,62
"3280",2500,51
"3281",3000,54
"3282",4700,46
"3283",3500,31
"3284",13000,31
"3285",2300,47
"3286",3400,47
"3287",1900,47
"3288",3000,41
"3289",3000,22
"3290",4500,29
"3291",3000,40
"3292",2600,45
"3293",2000,35
"3294",1950,56
"3295",2600,48
"3296",7500,36
"3297",3800,36
"3298",2000,54
"3299",2020,46
"3300",4000,52
"3301",3000,53
"3302",3000,35
"3303",2400,32
"3304",2300,56
"3305",2200,42
"3306",3500,26
"3307",2100,25
"3308",1900,31
"3309",3500,48
"3310",0,36
"3311",4000,28
"3312",2500,40
"3313",3000,62
"3314",2000,52
"3315",3500,40
"3316",3500,55
"3317",2300,31
"3318",2200,57
"3319",2700,35
"3320",2500,45
"3321",3000,52
"3322",6000,67
"3323",1850,60
"3324",4000,30
"3325",6500,29
"3326",4000,60
"3327",3000,48
"3328",2300,41
"3329",2150,28
"3330",3500,49
"3331",2800,41
"3332",3600,39
"3333",3000,57
"3334",1700,65
"3335",2500,31
"3336",2000,48
"3337",2500,54
"3338",3000,36
"3339",1900,28
"3340",1800,44
"3341",4200,37
"3342",3400,39
"3343",3700,34
"3344",1400,19
"3345",2200,29
"3346",3500,61
"3347",4000,36
"3348",3000,42
"3349",1920,52
"3350",6800,41
"3351",2850,37
"3352",2780,40
"3353",3200,48
"3354",1440,55
"3355",2700,27
"3356",1950,52
"3357",3200,45
"3358",2200,46
"3359",2800,31
"3360",3000,54
"3361",4000,51
"3362",1900,54
"3363",2000,54
"3364",600,53
"3365",2000,28
"3366",1100,61
"3367",3500,40
"3368",2000,58
"3369",5500,29
"3370",3000,23
"3371",2600,34
"3372",2460,51
"3373",4500,27
"3374",2000,48
"3375",2100,29
"3376",2300,61
"3377",5000,43
"3378",1200,70
"3379",3000,45
"3380",1900,63
"3381",4000,42
"3382",3800,33
"3383",1900,49
"3384",4000,27
"3385",2200,39
"3386",6000,64
"3387",3800,43
"3388",3000,29
"3389",1200,65
"3390",3600,58
"3391",2300,57
"3392",1900,43
"3393",0,32
"3394",4000,33
"3395",3000,29
"3396",1000,22
"3397",16000,38
"3398",5000,29
"3399",6000,31
"3400",3000,28
"3401",1500,39
"3402",3300,41
"3403",2200,53
"3404",4460,36
"3405",4000,38
"3406",1960,41
"3407",3300,62
"3408",2100,30
"3409",3000,44
"3410",2000,40
"3411",2500,38
"3412",3200,60
"3413",2500,33
"3414",1900,56
"3415",1900,53
"3416",2450,57
"3417",2100,31
"3418",3250,28
"3419",1720,49
"3420",2500,32
"3421",900,20
"3422",3200,59
"3423",2700,54
"3424",2500,47
"3425",2000,35
"3426",4500,51
"3427",3200,50
"3428",2000,61
"3429",3400,46
"3430",2000,65
"3431",6000,41
"3432",3800,46
"3433",4000,29
"3434",1900,62
"3435",4000,41
"3436",3500,44
"3437",4800,51
"3438",4000,30
"3439",2500,32
"3440",7000,36
"3441",3000,45
"3442",2200,50
"3443",2100,24
"3444",2700,19
"3445",1400,73
"3446",3500,33
"3447",630,65
"3448",1000,21
"3449",1700,22
"3450",3200,35
"3451",2600,29
"3452",1700,31
"3453",2200,29
"3454",7000,46
"3455",3200,46
"3456",3800,58
"3457",2000,41
"3458",2800,22
"3459",2030,61
"3460",3500,30
"3461",2400,48
"3462",2500,38
"3463",2400,25
"3464",4200,64
"3465",2500,40
"3466",6000,43
"3467",6000,25
"3468",2700,63
"3469",3900,44
"3470",4200,41
"3471",1800,50
"3472",2300,50
"3473",2100,41
"3474",2100,54
"3475",3200,35
"3476",3100,32
"3477",2200,29
"3478",6500,38
"3479",7000,36
"3480",1950,50
"3481",13000,25
"3482",2700,57
"3483",4000,35
"3484",2500,51
"3485",4500,24
"3486",1720,38
"3487",1295,62
"3488",1950,25
"3489",3400,52
"3490",2200,59
"3491",3700,55
"3492",1950,61
"3493",3000,58
"3494",3000,35
"3495",3000,24
"3496",4800,54
"3497",3500,65
"3498",1600,45
"3499",3600,62
"3500",3000,46
"3501",2200,32
"3502",2800,43
"3503",2609,33
"3504",2000,58
"3505",3500,60
"3506",2600,29
"3507",2000,27
"3508",3200,58
"3509",2100,25
"3510",3000,49
"3511",2350,56
"3512",3000,36
"3513",3000,38
"3514",3100,32
"3515",3000,56
"3516",4000,53
"3517",3000,58
"3518",2800,62
"3519",3200,42
"3520",2550,53
"3521",2000,50
"3522",2500,36
"3523",3600,26
"3524",2700,45
"3525",2800,29
"3526",2200,50
"3527",3000,40
"3528",19200,44
"3529",2800,39
"3530",1900,35
"3531",1950,33
"3532",3300,32
"3533",2500,43
"3534",3000,49
"3535",5500,50
"3536",2986,37
"3537",2500,38
"3538",2000,64
"3539",2000,49
"3540",2900,50
"3541",2000,58
"3542",3800,40
"3543",2300,38
"3544",2600,43
"3545",3000,29
"3546",2000,44
"3547",3000,38
"3548",2500,24
"3549",2100,47
"3550",2500,28
"3551",2500,48
"3552",2800,44
"3553",3500,37
"3554",1878,27
"3555",1900,56
"3556",3500,64
"3557",3600,50
"3558",2100,36
"3559",2500,57
"3560",4000,65
"3561",1650,55
"3562",2200,57
"3563",1500,24
"3564",3500,46
"3565",3000,40
"3566",2100,41
"3567",2000,43
"3568",3200,32
"3569",3000,42
"3570",2500,45
"3571",3800,42
"3572",2500,40
"3573",3000,50
"3574",2000,29
"3575",1850,51
"3576",2500,30
"3577",3500,42
"3578",2800,33
"3579",2300,25
"3580",2200,42
"3581",4370,44
"3582",4000,40
"3583",1930,45
"3584",1800,39
"3585",1940,50
"3586",2700,45
"3587",4300,42
"3588",2250,26
"3589",2000,52
"3590",2100,55
"3591",3850,36
"3592",2400,27
"3593",2500,47
"3594",2000,41
"3595",1900,30
"3596",2500,59
"3597",2100,54
"3598",2600,24
"3599",2300,59
"3600",3200,49
"3601",2100,35
"3602",6000,54
"3603",1930,44
"3604",2800,37
"3605",2800,50
"3606",1650,33
"3607",1800,62
"3608",2400,49
"3609",6000,64
"3610",600,77
"3611",4500,43
"3612",3700,50
"3613",1800,46
"3614",2900,50
"3615",2700,35
"3616",2500,43
"3617",1200,51
"3618",5000,43
"3619",4000,48
"3620",2000,43
"3621",2600,40
"3622",2000,58
"3623",1750,57
"3624",5000,34
"3625",2500,42
"3626",3400,39
"3627",3600,37
"3628",3500,61
"3629",4000,33
"3630",3000,35
"3631",2200,36
"3632",3000,32
"3633",3000,25
"3634",3000,36
"3635",3200,32
"3636",2000,23
"3637",2000,58
"3638",3200,33
"3639",3200,47
"3640",2350,37
"3641",3000,35
"3642",2000,45
"3643",2500,61
"3644",3000,54
"3645",3000,45
"3646",1950,45
"3647",6000,35
"3648",3100,39
"3649",5000,40
"3650",2600,34
"3651",3000,30
"3652",2900,43
"3653",2950,40
"3654",1640,55
"3655",1670,58
"3656",2400,57
"3657",1520,29
"3658",3000,58
"3659",2100,45
"3660",2400,27
"3661",1200,47
"3662",1700,39
"3663",2500,47
"3664",2700,40
"3665",2100,59
"3666",4000,61
"3667",4500,54
"3668",4000,39
"3669",6000,50
"3670",3000,55
"3671",4500,31
"3672",5000,33
"3673",2200,59
"3674",3800,38
"3675",1500,53
"3676",1920,49
"3677",5500,47
"3678",4200,41
"3679",3700,41
"3680",3500,44
"3681",2200,26
"3682",4200,38
"3683",3600,42
"3684",12000,39
"3685",3500,30
"3686",1900,27
"3687",2900,27
"3688",2780,41
"3689",3100,38
"3690",4000,23
"3691",3200,23
"3692",2450,45
"3693",4400,35
"3694",2500,36
"3695",4500,64
"3696",2600,51
"3697",2600,50
"3698",1800,47
"3699",1440,49
"3700",2000,65
"3701",3600,64
"3702",2000,35
"3703",780,56
"3704",0,63
"3705",2400,29
"3706",4600,45
"3707",2200,39
"3708",2200,60
"3709",950,46
"3710",1920,47
"3711",3000,52
"3712",9000,42
"3713",3000,33
"3714",4000,51
"3715",1950,26
"3716",4600,30
"3717",3000,36
"3718",2000,26
"3719",1850,21
"3720",2900,48
"3721",2300,43
"3722",2300,20
"3723",4000,57
"3724",6000,43
"3725",4000,36
"3726",4200,32
"3727",1800,32
"3728",800,30
"3729",900,65
"3730",3600,60
"3731",2000,60
"3732",2960,58
"3733",2100,47
"3734",2100,28
"3735",2500,57
"3736",3500,55
"3737",3200,55
"3738",3000,26
"3739",1800,26
"3740",2200,58
"3741",1100,28
"3742",1034,45
"3743",1890,41
"3744",1000,74
"3745",5200,49
"3746",1920,64
"3747",2600,60
"3748",2450,58
"3749",2400,51
"3750",3000,48
"3751",2230,35
"3752",8000,63
"3753",1904,54
"3754",1904,26
"3755",6000,38
"3756",1400,31
"3757",4000,24
"3758",1500,57
"3759",3300,48
"3760",2200,51
"3761",2000,45
"3762",1600,59
"3763",2000,36
"3764",2600,44
"3765",850,45
"3766",4000,32
"3767",1600,55
"3768",2000,26
"3769",2100,58
"3770",600,24
"3771",5000,29
"3772",3200,44
"3773",1800,67
"3774",3000,24
"3775",2350,31
"3776",2800,41
"3777",1680,40
"3778",2300,67
"3779",1950,49
"3780",2200,45
"3781",2200,30
"3782",2100,62
"3783",1500,62
"3784",2000,58
"3785",3000,58
"3786",3000,60
"3787",2100,41
"3788",2500,41
"3789",1950,34
"3790",2850,34
"3791",2200,33
"3792",2000,58
"3793",2500,31
"3794",2100,37
"3795",2000,48
"3796",2000,24
"3797",1920,58
"3798",5500,32
"3799",4000,33
"3800",3600,58
"3801",2000,27
"3802",2800,38
"3803",2800,62
"3804",1700,26
"3805",3000,36
"3806",2100,37
"3807",2300,52
"3808",5600,50
"3809",1900,41
"3810",3200,27
"3811",2000,28
"3812",2400,38
"3813",3100,47
"3814",3250,25
"3815",5000,72
"3816",2600,35
"3817",1633,28
"3818",1920,60
"3819",4000,50
"3820",1033,20
"3821",4000,47
"3822",3200,31
"3823",11000,46
"3824",2600,26
"3825",1900,50
"3826",2400,50
"3827",3000,29
"3828",4000,33
"3829",1650,31
"3830",1920,30
"3831",3000,52
"3832",2200,26
"3833",2000,46
"3834",2000,43
"3835",2500,45
"3836",3000,60
"3837",2000,29
"3838",3300,38
"3839",1928,32
"3840",2100,32
"3841",1700,34
"3842",2500,58
"3843",2500,31
"3844",2250,55
"3845",2000,28
"3846",3300,54
"3847",4000,41
"3848",3200,25
"3849",2800,43
"3850",4500,41
"3851",2400,56
"3852",3200,33
"3853",1000,56
"3854",2300,60
"3855",2300,38
"3856",3000,37
"3857",2200,52
"3858",2158,55
"3859",3000,58
"3860",1800,67
"3861",3000,36
"3862",6000,63
"3863",4000,37
"3864",4600,29
"3865",3600,25
"3866",4200,40
"3867",2100,27
"3868",4000,54
"3869",3000,59
"3870",2400,26
"3871",3000,25
"3872",2200,50
"3873",2200,44
"3874",1920,40
"3875",2180,58
"3876",2000,36
"3877",3500,40
"3878",1800,45
"3879",2800,52
"3880",2400,37
"3881",2500,42
"3882",1700,56
"3883",1700,63
"3884",2889,54
"3885",3800,29
"3886",3500,49
"3887",1900,62
"3888",1600,35
"3889",2350,62
"3890",6000,52
"3891",2200,28
"3892",3500,36
"3893",1920,60
"3894",3000,57
"3895",3000,58
"3896",5000,31
"3897",2400,44
"3898",2900,59
"3899",2200,27
"3900",4000,56
"3901",3000,42
"3902",1920,48
"3903",1800,59
"3904",1920,56
"3905",2150,35
"3906",2000,40
"3907",2400,64
"3908",2200,55
"3909",2200,32
"3910",2100,59
"3911",2850,41
"3912",1900,23
"3913",3000,59
"3914",1800,44
"3915",5200,35
"3916",2500,30
"3917",4600,48
"3918",2700,47
"3919",2000,40
"3920",1900,59
"3921",3000,25
"3922",4000,32
"3923",1700,49
"3924",2400,57
"3925",1800,68
"3926",4300,28
"3927",2000,48
"3928",2500,49
"3929",4000,30
"3930",1200,44
"3931",2800,53
"3932",4500,45
"3933",1000,54
"3934",4500,35
"3935",5700,56
"3936",4200,59
"3937",2600,32
"3938",4000,59
"3939",1980,55
"3940",3500,34
"3941",3500,43
"3942",1925,31
"3943",4000,52
"3944",4600,27
"3945",4000,50
"3946",4000,31
"3947",6000,40
"3948",3000,55
"3949",2000,37
"3950",6000,45
"3951",2200,27
"3952",340,62
"3953",3200,50
"3954",2000,48
"3955",3000,64
"3956",2000,43
"3957",1990,39
"3958",3000,39
"3959",1890,58
"3960",2400,64
"3961",3420,28
"3962",2400,56
"3963",2300,60
"3964",3500,54
"3965",2200,20
"3966",2380,54
"3967",2800,50
"3968",2500,37
"3969",2000,49
"3970",2100,40
"3971",3500,27
"3972",1920,43
"3973",2000,53
"3974",1700,49
"3975",2200,58
"3976",2500,47
"3977",2000,38
"3978",1700,54
"3979",1100,61
"3980",1800,32
"3981",2100,42
"3982",1700,21
"3983",1950,48
"3984",1950,28
"3985",2300,31
"3986",1800,36
"3987",2500,32
"3988",4500,51
"3989",3900,49
"3990",2800,39
"3991",2160,26
"3992",2500,28
"3993",3800,57
"3994",971,63
"3995",3000,61
"3996",5000,36
"3997",1960,47
"3998",1300,45
"3999",2800,57
"4000",3000,60
"4001",2000,28
"4002",5000,64
"4003",2000,52
"4004",2700,33
"4005",2200,35
"4006",2200,67
"4007",2600,35
"4008",4000,27
"4009",0,19
"4010",2400,30
"4011",1920,40
"4012",1000,62
"4013",2000,33
"4014",2000,25
"4015",2900,28
"4016",2158,55
"4017",4500,61
"4018",3500,63
"4019",6200,37
"4020",4200,28
"4021",3000,36
"4022",3000,29
"4023",2000,29
"4024",5000,35
"4025",4000,66
"4026",3500,43
"4027",2000,59
"4028",10000,41
"4029",1700,56
"4030",3560,31
"4031",4000,45
"4032",1920,61
"4033",2000,40
"4034",2100,65
"4035",4000,31
"4036",2500,34
"4037",2200,37
"4038",3300,46
"4039",3300,27
"4040",2500,31
"4041",2800,65
"4042",2000,62
"4043",2700,46
"4044",5500,41
"4045",3900,51
"4046",1450,63
"4047",2500,31
"4048",2300,60
"4049",2000,49
"4050",3000,60
"4051",1920,56
"4052",2000,56
"4053",2000,30
"4054",2400,33
"4055",2000,29
"4056",6000,44
"4057",600,77
"4058",2200,49
"4059",1800,50
"4060",1800,56
"4061",3500,36
"4062",4000,64
"4063",2800,30
"4064",3100,48
"4065",2500,51
"4066",3000,61
"4067",2500,34
"4068",1920,42
"4069",2500,43
"4070",2100,36
"4071",5000,35
"4072",2500,34
"4073",2100,29
"4074",4850,34
"4075",2000,32
"4076",1921,53
"4077",3000,60
"4078",1900,34
"4079",1800,35
"4080",10000,30
"4081",2300,53
"4082",1920,60
"4083",1600,32
"4084",1900,27
"4085",14000,54
"4086",1800,58
"4087",3350,64
"4088",3700,39
"4089",1920,46
"4090",1900,29
"4091",2500,29
"4092",1800,48
"4093",2700,45
"4094",1500,56
"4095",3300,58
"4096",3150,35
"4097",1925,53
"4098",2000,27
"4099",8000,51
"4100",1240,38
"4101",2500,31
"4102",1950,30
"4103",2500,46
"4104",2800,34
"4105",2100,43
"4106",2000,45
"4107",2600,50
"4108",3000,48
"4109",3000,31
"4110",4000,35
"4111",3000,42
"4112",1850,30
"4113",2500,51
"4114",7335,57
"4115",3600,44
"4116",3500,43
"4117",2000,20
"4118",3900,43
"4119",1680,51
"4120",1990,50
"4121",2200,59
"4122",3300,47
"4123",4000,28
"4124",3000,25
"4125",4900,57
"4126",2100,32
"4127",3300,41
"4128",2000,43
"4129",1996,56
"4130",2200,51
"4131",2100,24
"4132",2500,36
"4133",2500,47
"4134",2200,43
"4135",2800,44
"4136",3000,59
"4137",2600,27
"4138",10000,48
"4139",3200,50
"4140",3200,39
"4141",3600,37
"4142",3700,34
"4143",2300,58
"4144",2000,78
"4145",1700,54
"4146",2500,47
"4147",3000,40
"4148",2200,48
"4149",2100,59
"4150",1900,27
"4151",2500,46
"4152",2000,51
"4153",1980,56
"4154",2500,27
"4155",1950,26
"4156",2100,50
"4157",4500,28
"4158",4000,26
"4159",5700,44
"4160",5000,56
"4161",2200,42
"4162",1900,40
"4163",1700,29
"4164",2400,42
"4165",2300,43
"4166",3500,35
"4167",4300,57
"4168",2500,63
"4169",3500,33
"4170",2500,32
"4171",7000,56
"4172",4700,46
"4173",2100,43
"4174",3000,47
"4175",2400,38
"4176",3000,60
"4177",4700,40
"4178",1900,38
"4179",2500,29
"4180",1940,30
"4181",2900,37
"4182",3800,40
"4183",2500,55
"4184",2700,45
"4185",3000,56
"4186",3500,35
"4187",2550,59
"4188",2100,47
"4189",2100,54
"4190",3200,64
"4191",2300,27
"4192",1950,60
"4193",2900,44
"4194",2200,56
"4195",8000,30
"4196",1774,65
"4197",1900,55
"4198",2000,28
"4199",2200,46
"4200",3600,54
"4201",3000,45
"4202",2500,37
"4203",2200,62
"4204",3000,58
"4205",3100,23
"4206",6500,48
"4207",3200,45
"4208",2000,29
"4209",2000,22
"4210",3000,37
"4211",2800,63
"4212",3500,54
"4213",2000,48
"4214",3000,39
"4215",2250,58
"4216",2500,46
"4217",2200,40
"4218",2000,48
"4219",2270,59
"4220",2260,64
"4221",2340,66
"4222",3580,55
"4223",3610,42
"4224",4200,56
"4225",2300,50
"4226",2300,30
"4227",4000,23
"4228",4000,60
"4229",1900,51
"4230",3000,34
"4231",7500,59
"4232",7500,59
"4233",2500,43
"4234",7000,47
"4235",3700,24
"4236",2650,35
"4237",7800,36
"4238",1634,57
"4239",1700,45
"4240",4400,54
"4241",3000,51
"4242",3100,39
"4243",1950,64
"4244",6000,64
"4245",2600,33
"4246",8000,46
"4247",4900,29
"4248",2400,57
"4249",2360,29
"4250",2600,59
"4251",1000,34
"4252",4500,34
"4253",3100,34
"4254",1904,54
"4255",3000,29
"4256",4500,55
"4257",2200,48
"4258",2100,45
"4259",3000,30
"4260",2500,45
"4261",3500,31
"4262",30000,37
"4263",3500,43
"4264",2800,44
"4265",2500,64
"4266",4900,57
"4267",1800,27
"4268",4500,37
"4269",500,58
"4270",5000,47
"4271",5000,21
"4272",4000,26
"4273",2500,51
"4274",2000,53
"4275",6000,49
"4276",2100,21
"4277",2300,39
"4278",2000,33
"4279",2200,40
"4280",2000,56
"4281",3000,26
"4282",3940,52
"4283",3500,38
"4284",3200,44
"4285",2200,54
"4286",7000,35
"4287",2400,28
"4288",1900,60
"4289",2700,57
"4290",2500,28
"4291",2000,40
"4292",2000,46
"4293",3000,42
"4294",2000,30
"4295",3500,21
"4296",2400,47
"4297",3000,32
"4298",3000,43
"4299",1929,49
"4300",1929,46
"4301",3800,57
"4302",2900,53
"4303",4200,39
"4304",3000,42
"4305",2900,35
"4306",4300,41
"4307",4000,49
"4308",2400,36
"4309",2500,30
"4310",3600,29
"4311",2000,44
"4312",3500,43
"4313",3800,22
"4314",1850,55
"4315",2300,50
"4316",3750,55
"4317",1800,36
"4318",2600,45
"4319",2200,41
"4320",3000,57
"4321",3600,37
"4322",2300,35
"4323",2150,45
"4324",4300,52
"4325",2100,41
"4326",3000,37
"4327",2500,41
"4328",4500,62
"4329",4000,65
"4330",2200,45
"4331",2270,51
"4332",2400,48
"4333",2500,32
"4334",3300,52
"4335",2950,62
"4336",4500,37
"4337",5000,38
"4338",7000,39
"4339",1800,37
"4340",3000,45
"4341",2400,53
"4342",4000,33
"4343",1700,25
"4344",970,46
"4345",2300,55
"4346",4200,56
"4347",5500,28
"4348",1200,49
"4349",3000,39
"4350",2100,36
"4351",3000,53
"4352",3000,37
"4353",1800,65
"4354",4000,33
"4355",2200,65
"4356",2000,46
"4357",2600,26
"4358",2600,34
"4359",4200,53
"4360",2500,37
"4361",2350,21
"4362",2800,51
"4363",2500,40
"4364",3000,56
"4365",2000,42
"4366",5500,44
"4367",4000,37
"4368",2500,32
"4369",2270,30
"4370",4300,58
"4371",2600,38
"4372",5000,60
"4373",3000,27
"4374",3100,42
"4375",4000,31
"4376",1950,39
"4377",2200,37
"4378",3300,46
"4379",2800,60
"4380",6000,53
"4381",3000,42
"4382",2200,37
"4383",2700,53
"4384",4000,57
"4385",2500,36
"4386",5000,54
"4387",1800,52
"4388",1995,41
"4389",2500,56
"4390",1950,36
"4391",3200,30
"4392",2000,25
"4393",2300,50
"4394",3200,38
"4395",2550,47
"4396",2100,32
"4397",1680,46
"4398",1900,56
"4399",3500,36
"4400",2500,43
"4401",1800,48
"4402",3100,38
"4403",2000,25
"4404",2000,39
"4405",3300,30
"4406",2600,27
"4407",1400,39
"4408",2950,45
"4409",2100,35
"4410",3500,26
"4411",2800,21
"4412",2500,70
"4413",1000,20
"4414",3200,36
"4415",2500,33
"4416",3000,56
"4417",2300,38
"4418",2400,37
"4419",3300,52
"4420",2300,28
"4421",1300,59
"4422",6000,30
"4423",1000,56
"4424",1900,64
"4425",4800,44
"4426",2200,54
"4427",9000,40
"4428",3200,66
"4429",2700,52
"4430",2200,53
"4431",1900,47
"4432",2500,62
"4433",6000,38
"4434",2500,30
"4435",6000,62
"4436",2400,62
"4437",2800,33
"4438",2000,23
"4439",5500,44
"4440",2360,29
"4441",2100,41
"4442",2500,26
"4443",2200,62
"4444",3700,57
"4445",4000,65
"4446",1920,43
"4447",2200,57
"4448",1500,35
"4449",9000,44
"4450",2000,59
"4451",330,59
"4452",1800,33
"4453",2250,44
"4454",2600,30
"4455",3500,58
"4456",2000,27
"4457",2900,38
"4458",5000,50
"4459",3000,38
"4460",3700,59
"4461",1100,59
"4462",1200,51
"4463",4000,55
"4464",3000,34
"4465",5000,34
"4466",3200,40
"4467",3000,39
"4468",4200,23
"4469",6000,37
"4470",4500,42
"4471",3300,26
"4472",4000,61
"4473",3500,25
"4474",3000,46
"4475",7000,40
"4476",6000,45
"4477",2700,46
"4478",2600,45
"4479",2850,41
"4480",4400,63
"4481",900,36
"4482",2000,29
"4483",2850,41
"4484",2300,52
"4485",2500,44
"4486",3700,31
"4487",3000,49
"4488",10000,62
"4489",4700,40
"4490",2900,25
"4491",2200,47
"4492",2000,57
"4493",2300,53
"4494",1400,25
"4495",2600,44
"4496",6000,48
"4497",2800,48
"4498",10000,46
"4499",5000,41
"4500",2500,45
"4501",4500,54
"4502",2150,26
"4503",3100,57
"4504",2200,59
"4505",600,59
"4506",6000,34
"4507",3200,38
"4508",2500,49
"4509",2800,44
"4510",2100,23
"4511",6000,51
"4512",3000,54
"4513",4300,39
"4514",2300,59
"4515",2200,24
"4516",3000,54
"4517",5000,64
"4518",3500,48
"4519",800,39
"4520",3000,40
"4521",4500,52
"4522",2200,41
"4523",2200,32
"4524",4000,47
"4525",3000,52
"4526",1500,25
"4527",3000,51
"4528",2500,59
"4529",2000,36
"4530",2300,47
"4531",5000,35
"4532",3100,57
"4533",2500,73
"4534",3000,51
"4535",5100,38
"4536",3100,63
"4537",2000,29
"4538",6700,33
"4539",2800,30
"4540",4000,34
"4541",4000,50
"4542",2200,65
"4543",3000,52
"4544",3500,59
"4545",2200,49
"4546",3500,28
"4547",5900,63
"4548",3200,60
"4549",4000,56
"4550",2850,32
"4551",4000,57
"4552",3000,37
"4553",4000,48
"4554",4000,51
"4555",2700,44
"4556",2200,53
"4557",2600,54
"4558",1000,45
"4559",1950,32
"4560",2350,52
"4561",4000,31
"4562",2000,36
"4563",9000,44
"4564",5500,46
"4565",3000,38
"4566",2600,32
"4567",7000,30
"4568",11000,37
"4569",4100,45
"4570",2000,51
"4571",3400,50
"4572",2550,27
"4573",5000,35
"4574",3500,43
"4575",2500,38
"4576",10000,39
"4577",1800,27
"4578",2500,39
"4579",2000,41
"4580",3100,59
"4581",1900,30
"4582",2000,59
"4583",4000,59
"4584",1900,45
"4585",4000,30
"4586",2500,30
"4587",3000,66
"4588",900,33
"4589",1900,41
"4590",3900,40
"4591",1850,27
"4592",4500,28
"4593",1100,61
"4594",2000,38
"4595",2000,52
"4596",1950,30
"4597",1900,63
"4598",1650,41
"4599",1650,42
"4600",2000,27
"4601",2300,24
"4602",1950,35
"4603",2700,45
"4604",2000,49
"4605",1920,27
"4606",3000,45
"4607",2000,42
"4608",2900,39
"4609",1100,29
"4610",2500,48
"4611",5500,40
"4612",2300,34
"4613",2400,47
"4614",2500,43
"4615",2500,37
"4616",2400,47
"4617",2100,48
"4618",3000,32
"4619",1500,57
"4620",4000,46
"4621",2200,30
"4622",3500,31
"4623",2500,66
"4624",3000,64
"4625",3000,26
"4626",2900,56
"4627",2100,44
"4628",3000,26
"4629",3200,41
"4630",2250,58
"4631",4300,60
"4632",4500,34
"4633",2900,34
"4634",1950,56
"4635",2600,52
"4636",2000,48
"4637",2900,27
"4638",3200,59
"4639",4500,59
"4640",4000,31
"4641",1950,39
"4642",1850,25
"4643",2300,32
"4644",1000,64
"4645",2700,50
"4646",2700,35
"4647",2500,42
"4648",2300,46
"4649",2800,41
"4650",1900,59
"4651",2000,53
"4652",3500,41
"4653",4500,36
"4654",5000,59
"4655",1800,39
"4656",6500,32
"4657",3600,54
"4658",2600,38
"4659",2000,36
"4660",1800,53
"4661",2950,42
"4662",4100,41
"4663",1500,60
"4664",4800,36
"4665",4000,32
"4666",3050,30
"4667",4000,35
"4668",1400,54
"4669",1900,31
"4670",2500,56
"4671",3000,56
"4672",1700,56
"4673",2500,37
"4674",7000,35
"4675",2400,60
"4676",3500,43
"4677",1260,57
"4678",4500,41
"4679",4000,33
"4680",3000,33
"4681",1900,24
"4682",4000,56
"4683",10000,32
"4684",1300,48
"4685",3000,42
"4686",1600,26
"4687",3000,60
"4688",2700,46
"4689",3400,55
"4690",1700,49
"4691",2700,35
"4692",2000,24
"4693",3500,33
"4694",2500,42
"4695",2500,52
"4696",2800,58
"4697",1800,29
"4698",3500,35
"4699",1800,41
"4700",2500,66
"4701",3100,54
"4702",4500,29
"4703",1990,51
"4704",3200,35
"4705",2200,42
"4706",3000,51
"4707",600,27
"4708",3100,31
"4709",2400,40
"4710",1900,24
"4711",1900,48
"4712",2000,46
"4713",4000,26
"4714",3000,56
"4715",2800,50
"4716",3000,25
"4717",5250,69
"4718",2300,32
"4719",3500,50
"4720",4380,42
"4721",1930,35
"4722",2600,51
"4723",3300,27
"4724",1100,45
"4725",7000,33
"4726",800,69
"4727",6000,43
"4728",2200,44
"4729",1600,37
"4730",2600,63
"4731",4900,29
"4732",2500,42
"4733",2000,30
"4734",6000,41
"4735",2000,52
"4736",3200,45
"4737",2400,46
"4738",1920,51
"4739",3000,40
"4740",6700,43
"4741",2700,52
"4742",1000,72
"4743",6000,41
"4744",1920,30
"4745",2500,57
"4746",6000,35
"4747",2000,33
"4748",2800,34
"4749",5000,41
"4750",7500,33
"4751",4500,46
"4752",3500,50
"4753",3000,61
"4754",2500,36
"4755",2300,28
"4756",550,53
"4757",6000,37
"4758",5000,34
"4759",3000,55
"4760",2100,25
"4761",2500,30
"4762",1920,36
"4763",1634,35
"4764",1600,29
"4765",2100,55
"4766",4200,55
"4767",3200,44
"4768",3500,44
"4769",2100,40
"4770",2100,44
"4771",2100,42
"4772",2700,38
"4773",3000,45
"4774",1900,58
"4775",2500,23
"4776",2000,49
"4777",2400,34
"4778",2900,63
"4779",3500,36
"4780",7000,49
"4781",2700,45
"4782",3300,62
"4783",4000,64
"4784",3000,60
"4785",3000,47
"4786",1800,49
"4787",2100,48
"4788",3000,57
"4789",3500,48
"4790",2000,25
"4791",1800,21
"4792",4000,48
"4793",2700,24
"4794",1800,40
"4795",1800,35
"4796",2500,46
"4797",2100,36
"4798",3700,40
"4799",3400,33
"4800",2300,43
"4801",2600,32
"4802",3300,47
"4803",3000,38
"4804",3000,37
"4805",1880,48
"4806",4100,40
"4807",2100,21
"4808",2650,23
"4809",2500,54
"4810",2700,26
"4811",7000,55
"4812",2500,60
"4813",2000,35
"4814",3000,30
"4815",2000,54
"4816",2500,38
"4817",1780,56
"4818",1680,40
"4819",1700,63
"4820",1800,65
"4821",5000,40
"4822",2200,65
"4823",3000,57
"4824",1900,42
"4825",3000,25
"4826",1900,55
"4827",1700,49
"4828",2900,35
"4829",1800,53
"4830",3200,25
"4831",2017,62
"4832",4000,45
"4833",2000,44
"4834",4000,38
"4835",3000,25
"4836",2000,55
"4837",2000,60
"4838",2800,63
"4839",2500,47
"4840",5000,39
"4841",3600,53
"4842",2400,62
"4843",2100,38
"4844",2000,27
"4845",7000,67
"4846",2100,49
"4847",2200,27
"4848",2200,39
"4849",3000,31
"4850",2600,32
"4851",1900,39
"4852",2300,50
"4853",6500,41
"4854",4000,57
"4855",2500,39
"4856",3700,23
"4857",3300,47
"4858",1900,55
"4859",2600,40
"4860",2600,38
"4861",3000,49
"4862",4500,47
"4863",1800,35
"4864",4100,39
"4865",2600,30
"4866",3000,47
"4867",4500,43
"4868",2500,33
"4869",2100,26
"4870",2550,35
"4871",3000,45
"4872",4800,43
"4873",3500,45
"4874",1800,32
"4875",3000,50
"4876",2500,49
"4877",2500,36
"4878",3200,46
"4879",3500,34
"4880",2200,24
"4881",2500,28
"4882",1700,40
"4883",3000,41
"4884",3200,32
"4885",4000,32
"4886",2700,32
"4887",1800,65
"4888",6000,28
"4889",1920,51
"4890",1800,48
"4891",2300,31
"4892",2100,45
"4893",2000,21
"4894",5000,31
"4895",2400,66
"4896",6000,41
"4897",4200,35
"4898",2150,52
"4899",8000,54
"4900",3500,65
"4901",2600,64
"4902",2800,29
"4903",2100,40
"4904",10000,26
"4905",2570,44
"4906",1800,61
"4907",3800,57
"4908",2500,39
"4909",2000,46
"4910",4000,39
"4911",2000,28
"4912",750,45
"4913",1600,50
"4914",1920,27
"4915",5000,41
"4916",4900,43
"4917",1000,46
"4918",2200,67
"4919",1950,34
"4920",4000,50
"4921",2600,42
"4922",5000,59
"4923",2000,45
"4924",3500,53
"4925",4000,54
"4926",2600,55
"4927",3400,52
"4928",4000,41
"4929",1900,36
"4930",8000,48
"4931",2500,26
"4932",4000,32
"4933",2500,46
"4934",2500,45
"4935",2800,27
"4936",2000,32
"4937",3900,43
"4938",2200,43
"4939",2080,40
"4940",1000,21
"4941",2000,27
"4942",4000,31
"4943",7500,39
"4944",5000,41
"4945",3800,41
"4946",3500,48
"4947",2300,46
"4948",3200,44
"4949",2500,50
"4950",4000,49
"4951",2200,31
"4952",3500,33
"4953",4000,46
"4954",1700,29
"4955",1630,58
"4956",1640,45
"4957",6000,59
"4958",7000,56
"4959",3400,47
"4960",4600,40
"4961",2600,44
"4962",2500,62
"4963",1800,46
"4964",1800,56
"4965",1940,39
"4966",2600,55
"4967",5000,52
"4968",1650,30
"4969",3100,55
"4970",2100,35
"4971",4000,56
"4972",2100,25
"4973",2000,55
"4974",3500,52
"4975",2000,55
"4976",3475,64
"4977",3400,52
"4978",3000,37
"4979",2060,24
"4980",3200,25
"4981",1950,32
"4982",2100,24
"4983",2000,58
"4984",2500,53
"4985",2017,28
"4986",10000,40
"4987",2900,59
"4988",1900,26
"4989",2800,46
"4990",2400,38
"4991",2300,28
"4992",3360,35
"4993",3000,60
"4994",7000,45
"4995",1680,60
"4996",4000,58
"4997",1900,59
"4998",2300,34
"4999",2500,56
"5000",2200,29
